duration,tempo,rms_mean,spectral_centroid_mean,spectral_bandwidth_mean,spectral_rolloff_mean,zcr_mean,chroma_mean,chroma_std,mfcc_1_mean,mfcc_1_std,mfcc_2_mean,mfcc_2_std,mfcc_3_mean,mfcc_3_std,mfcc_4_mean,mfcc_4_std,mfcc_5_mean,mfcc_5_std,mfcc_6_mean,mfcc_6_std,mfcc_7_mean,mfcc_7_std,mfcc_8_mean,mfcc_8_std,mfcc_9_mean,mfcc_9_std,mfcc_10_mean,mfcc_10_std,mfcc_11_mean,mfcc_11_std,mfcc_12_mean,mfcc_12_std,mfcc_13_mean,mfcc_13_std,num_segments,avg_segment_length,segment_length_std,num_structured_sections,structure_ratio,unique_sections,label_entropy,song,decade,lufs_x,rms_db,crest_db_x,lufs_y,crest_db_y,lufs,crest_db
233.66240362811791,90.66611842105264,0.10143484,3532.0233666754943,3400.499152140298,7283.451093854803,0.0928050482948899,0.44550937,0.28769162,-149.24602,88.49485,126.145615,29.53105,-53.334526,20.378529,38.670746,17.378368,-27.306063,15.903279,28.071592,14.199596,-14.60436,11.869188,17.72136,12.58572,-8.75326,9.283164,6.463178,10.545027,-2.221737,7.3520627,3.3254662,7.5274568,1.544634,7.479587,18,12.981244646006552,7.642224779160605,2,0.1111111111111111,1,0.3522138890491458,NA-I'm So Excited.mp3.mp3,1980,-18.368246329172734,-18.993078,17.722642421722412,-18.368246329172734,17.722642421722412,-18.368246329172734,17.722642421722412
244.83120181405897,107.666015625,0.20027065,3032.8329432942955,3191.841067294189,6020.687269577742,0.0732257949197448,0.48537856,0.29569605,-118.66423,79.953964,131.32634,34.5333,-43.220543,21.80311,31.561602,20.461756,-7.0540943,17.904325,23.511686,14.666228,-8.460718,13.117359,11.881592,11.744123,-3.770672,10.617381,8.761982,10.829056,-0.69306266,9.36704,5.0286674,9.186575,-2.479223,7.8997526,12,20.40260015117158,8.816376205992558,1,0.0833333333333333,1,0.2987468750600963,NA-Upside Down.mp3.mp3,1980,-12.947341049775453,-12.473273,15.844058990478516,-12.947341049775453,15.844058990478516,-12.947341049775453,15.844058990478516
207.8185941043084,126.04801829268293,0.06800119,3944.613534923327,3428.667403243728,7581.554408622424,0.116744743659572,0.45042396,0.2877712,-176.66197,82.77617,116.04297,29.502512,-58.441956,26.662352,43.633038,21.989864,-28.489567,18.000252,28.690348,12.609591,-21.078367,10.819361,11.6782,9.882343,-13.188883,9.528757,7.555099,8.6828165,-7.9281054,8.399188,0.84984845,9.0645485,-0.24506694,7.2724924,10,20.78185941043084,8.745345178241886,1,0.1,1,0.3321928094887362,John Mellencamp - Hurts So Good (Official Music Video).mp3,1980,-20.71382603141813,-22.29942,19.170362949371334,-20.71382603141813,19.170362949371334,-20.71382603141813,19.170362949371338
268.5155555555556,93.9630681818182,0.16816382,1954.5404369676153,2640.0159858492175,3519.9362348472155,0.0457243544359894,0.3736732,0.29909533,-172.67389,92.68817,169.44551,31.17146,-10.974752,23.74353,21.631664,17.698046,-8.057615,15.450996,15.094223,12.969035,-5.754391,10.398811,5.675007,10.553661,-8.176218,9.350034,3.4108758,10.055632,-4.6374345,9.403735,2.8482437,8.995768,-1.8353634,7.7732515,11,24.41050505050505,13.974495722787635,1,0.0909090909090909,1,0.3144937835124816,NA-Endless Love.mp3.mp3,1980,-14.328759881998293,-14.470978,14.477715492248535,-14.328759881998293,14.477715492248535,-14.328759881998293,14.477715492248535
215.38829931972788,90.66611842105264,0.10800168,2075.257281967491,2769.6950490857757,4295.092337871571,0.0414441113381259,0.40674785,0.30736235,-217.6838,85.74443,154.94357,30.499968,-8.707052,30.144379,37.743828,20.04805,-11.070171,23.225618,20.747604,14.942966,-4.461813,13.521087,3.2817802,13.454611,-0.67928535,11.886999,4.8129992,12.342773,-4.5938826,10.691479,1.0239335,9.909796,-2.8826892,9.04542,7,30.769757045675412,17.791929678234585,1,0.1428571428571428,1,0.4010507031510862,"NA-Patti Austin feat. James Ingram - Baby, Come To Me (Official Audio).mp3.mp3",1980,-18.668644762120003,-18.42394,17.52371311187744,-18.668644762120003,17.52371311187744,-18.668644762120003,17.52371311187744
211.53378684807257,126.04801829268293,0.084819175,2450.824998297712,2601.52339085938,4866.01228600413,0.0630678168819631,0.36970142,0.29793715,-203.25331,92.9439,151.49274,27.395555,-45.462234,23.417393,36.079155,23.978432,-9.820836,18.773426,15.400772,16.229607,-11.575833,11.95451,-1.3056215,13.504311,-2.9396806,9.228914,-6.9155374,11.731878,-1.2938457,8.198388,0.099993385,8.315678,0.7196528,8.667841,13,16.271829757544044,8.571723469766313,1,0.0769230769230769,1,0.2846492090877763,NA-What About Me？.mp3.mp3,1980,-19.309440153396736,-20.053162,19.661924839019775,-19.309440153396736,19.661924839019775,-19.309440153396736,19.661924839019775
334.9014058956916,132.51201923076923,0.14571506,3066.9927836006864,3138.5777408069966,6064.847897013771,0.0796708036147606,0.38365498,0.30360234,-149.48248,98.14262,132.32065,34.4143,-43.77848,21.392368,39.258263,26.510857,-7.0498834,22.554192,25.607117,18.34517,-16.725117,13.507897,15.830879,14.406256,-7.651791,10.325823,-2.2631392,12.544159,-3.3582733,9.762607,3.0313895,9.319625,-2.109629,9.439795,20,16.74507029478458,9.1089880726643,2,0.1,1,0.3321928094887362,NA-Total Eclipse of the Heart (Radio Version).mp3.mp3,1980,-15.032758346268814,-15.802455,14.143939018249512,-15.032758346268814,14.143939018249512,-15.032758346268814,14.143939018249512
222.7722448979592,109.9567819148936,0.073996924,2207.3300124226303,2290.1780649212737,4249.309271221468,0.0560841996472588,0.53336626,0.3011375,-285.01633,125.79218,127.17065,57.072487,-32.220737,42.59569,29.426119,31.653755,12.164982,22.280647,16.099665,17.939735,1.5849497,13.209564,16.359852,15.050104,5.78908,11.0916605,4.842816,12.144977,4.761895,8.596655,4.13008,8.587337,3.3041847,8.7088785,10,22.27722448979592,10.09933075562684,1,0.1,1,0.3321928094887362,Queen - Another One Bites the Dust (Official Video).mp3,1980,-20.855242468815312,-20.420898,16.97829842567444,-20.855242468815312,16.97829842567444,-20.855242468815312,16.97829842567444
271.81278911564624,166.70866935483872,0.16557586,2744.616951274721,3202.1138046706615,5734.164244273347,0.0609398065778093,0.38635817,0.29900262,-133.76793,100.90229,143.52051,31.75143,-27.601866,27.632402,40.849102,17.452873,-13.469154,19.608086,19.083982,12.655532,-9.436247,11.729568,11.054998,12.340548,-9.237075,10.060983,8.401705,9.159026,-3.9379318,9.279987,5.429446,8.866834,-0.670344,7.756482,15,18.12085260770975,7.873908190986958,1,0.0666666666666666,1,0.2604593730405679,NA-Into The Night.mp3.mp3,1980,-14.079377223874069,-14.570208,15.037482976913452,-14.079377223874069,15.037482976913452,-14.079377223874069,15.037482976913452
226.74285714285713,109.9567819148936,0.08318347,3069.947515839949,3347.558625678267,6596.270269759453,0.0727633063703215,0.4558451,0.30568668,-200.03084,94.960625,137.37317,30.739273,-33.97525,25.620447,38.556034,16.664356,-4.122737,18.252556,18.664919,15.147994,-5.901276,13.173633,14.756103,14.303934,-7.7790346,12.414362,8.043644,13.582502,-2.4588013,9.9946,6.803384,9.725282,-3.0219822,7.299447,12,18.895238095238096,9.86115746238116,2,0.1666666666666666,1,0.430827083453526,NA-Eye of the Tiger.mp3.mp3,1980,-19.625409728291142,-19.849245,18.673875331878666,-19.625409728291142,18.673875331878666,-19.625409728291142,18.673875331878662
218.03537414965987,114.84375,0.17665568,3257.272475451821,3243.584699791214,6368.946149657566,0.0865270721157686,0.416796,0.28705204,-92.37621,88.69696,133.44704,29.240555,-58.802586,19.721468,35.818954,17.780897,-17.582165,16.742329,28.038233,13.30427,-16.29757,11.96057,13.292628,11.118925,-13.6159,9.54187,8.44161,9.955469,-6.162819,8.788789,5.465023,8.70338,0.6457226,8.325598,10,21.803537414965987,11.800841504477551,1,0.1,1,0.3321928094887362,NA-Centerfold.mp3.mp3,1980,-13.438875487532846,-14.334178,15.63414216041565,-13.438875487532846,15.63414216041565,-13.438875487532846,15.63414216041565
195.21015873015872,132.51201923076923,0.041501313,2968.554367376964,3052.1552960518657,5999.248996431757,0.0784608585154623,0.46222502,0.28607023,-265.37192,104.80078,140.8907,34.063683,-41.46701,36.49858,49.12882,18.810102,-5.001322,19.123682,19.840734,15.830231,-11.117604,11.417159,6.7511935,10.071405,-6.776323,7.8430166,-0.6721572,8.239526,-2.1839812,7.87991,-2.9117355,7.128638,1.6676221,7.057568,12,16.267513227513227,9.861076967181472,2,0.1666666666666666,1,0.430827083453526,Rick Springfield - Jessie's Girl (Official Video).mp3,1980,-25.51529342734976,-26.388645,18.47593069076538,-25.51529342734976,18.47593069076538,-25.51529342734976,18.47593069076538
298.42285714285714,120.18531976744184,0.07692404,3222.029612034904,3123.9895776679377,6132.309440192813,0.0878532417088115,0.47144327,0.29117665,-198.68903,87.8941,122.20306,37.278835,-54.294434,21.161695,23.288305,18.89096,-2.496423,16.062819,22.073029,17.318352,-10.597516,11.034489,10.416638,14.142206,0.96404064,10.523481,8.504125,12.729866,-1.1876777,9.06385,5.847842,10.286447,1.2112955,7.8606586,13,22.955604395604396,9.738411495325437,1,0.0769230769230769,1,0.2846492090877763,NA-Celebration.mp3.mp3,1980,-19.8981803902311,-20.203646,21.57724618911743,-19.8981803902311,21.57724618911743,-19.8981803902311,21.57724618911743
307.1071201814059,126.04801829268293,0.092759006,2754.8362017326053,2929.042228947451,6079.15462868401,0.0626436620787339,0.47265995,0.2919943,-191.53326,71.86104,145.04955,26.244238,-38.92464,21.546162,66.98279,18.59812,-14.108793,15.7973385,23.45066,12.950237,-1.7328496,9.982711,-3.790582,8.771596,4.605887,7.834636,-9.568772,8.150083,9.864751,8.455579,-8.656991,7.797184,7.1750665,8.185228,14,21.93622287010042,9.088344102192051,1,0.0714285714285714,1,0.2719539230041146,NA-Steve miller Band - Abracadabra.mp3.mp3,1980,-20.063967384067855,-19.743683,19.61756944656372,-20.063967384067855,19.61756944656372,-20.063967384067855,19.61756944656372
232.17632653061224,123.046875,0.16659112,3189.93291715052,3479.12741850825,7141.721163206598,0.0692329538351917,0.42386505,0.29363057,-122.08795,78.57651,130.31369,27.60593,-29.459864,19.09128,50.2748,16.603355,-16.859201,15.91931,27.40589,14.034045,-15.52727,13.274297,19.047031,12.018845,-4.226316,8.831761,6.8127117,11.083521,2.9005923,8.351832,2.5920255,8.075662,1.4150746,7.1521244,16,14.511020408163263,6.861051970967938,2,0.125,1,0.375,NA-Irene Cara - Flashdance What A Feeling (Remastered) [Audio HQ].mp3.mp3,1980,-15.497298697175024,-14.807745,15.03617525100708,-15.497298697175024,15.03617525100708,-15.497298697175024,15.03617525100708
228.01995464852607,117.45383522727272,0.12628303,2958.9283059707495,3136.231941499769,5998.955680738793,0.0690105658284965,0.46563488,0.29819846,-170.8408,96.59277,133.06357,37.719936,-31.68842,23.933205,45.99165,21.818714,-1.866828,19.168129,20.97509,14.675931,-6.860514,13.12278,12.591929,11.120856,-0.8284799,9.293795,5.244639,10.12765,0.82646465,8.80905,3.8159924,7.8286285,-1.1735328,6.6653385,11,20.729086786229644,7.767609422097666,1,0.0909090909090909,1,0.3144937835124816,NA-Kim Carnes - Bette Davis Eyes.mp3.mp3,1980,-16.67910444978478,-16.445057,17.87749171257019,-16.67910444978478,17.87749171257019,-16.67910444978478,17.87749171257019
233.41860416666665,130.8139534883721,0.122978315,3121.7163140037146,3187.5090316263772,6383.348732463556,0.07312680558967,0.45175645,0.2895985,-154.22696,83.22673,139.02783,32.265858,-43.923664,22.182571,44.70854,22.459423,-8.895187,16.720144,29.935886,14.568455,-6.0222845,12.049971,11.14443,12.146947,4.736043,9.100636,-1.7591438,9.786423,4.84958,7.1819525,1.2037922,9.015525,2.719511,8.188738,14,16.67275996112731,9.987448694897806,2,0.1428571428571428,1,0.4010507031510862,Laura Branigan - Gloria (1982) Good Audio Quality_.mp3,1980,-17.035197570396317,-17.327738,17.660518884658813,-17.035197570396317,17.660518884658813,-17.035197570396317,17.660518884658813
224.09578231292517,123.046875,0.08489438,2839.344640699705,2860.7057636058275,5804.857602890419,0.0725534385037299,0.4292906,0.30214497,-205.94983,95.51107,139.7129,34.800945,-46.883743,29.306204,57.35687,21.179228,-7.288887,23.504286,17.10453,18.214382,-6.129099,11.373967,12.685442,10.490914,-1.7767406,8.583611,0.116117254,9.310702,7.6382394,8.401162,-7.384873,8.568549,7.9934807,8.660339,13,17.238137100994244,11.83568729878681,2,0.1538461538461538,1,0.4154522643293988,NA-Olivia Newton-John - Physical.mp3.mp3,1980,-20.150517206268937,-20.38366,15.807660818099976,-20.150517206268937,15.807660818099976,-20.150517206268937,15.807660818099976
182.54666666666665,175.78125,0.13588041,3161.7334938570784,3741.9002375085106,6986.093713480192,0.0581500057975195,0.5220943,0.28430638,-202.81583,111.44974,115.76034,34.84377,-8.543472,33.232162,56.44894,25.17633,3.993556,21.736128,33.47654,16.159468,-4.769916,16.671438,11.1089,14.926022,-3.8182244,12.874211,15.701366,9.671314,1.4095155,9.74126,5.3829627,8.83374,2.9353755,9.805795,16,11.409166666666666,6.416865784551847,2,0.125,1,0.375,Red Red Wine (Remastered).mp3,1980,-16.434088038822104,-15.94461,17.325507402420044,-16.434088038822104,17.325507402420044,-16.434088038822104,17.325507402420044
240.28009070294783,117.45383522727272,0.15182935,2929.158148679621,3211.7195430788383,5943.792465393535,0.0664621391762695,0.41639224,0.302258,-141.11636,84.24835,139.39354,35.40989,-32.376205,19.415503,39.38138,18.225727,-10.046583,14.266008,20.186365,13.160274,-13.792501,12.059264,7.4845176,11.318141,-9.589929,11.016383,2.722483,10.9461975,-8.029059,9.070946,5.1460547,8.457231,-2.6751678,8.301202,10,24.028009070294782,13.972428229056408,1,0.1,1,0.3321928094887362,NA-Don't You Want Me (2012 Remaster).mp3.mp3,1980,-15.690133462445884,-15.353262,16.93130850791931,-15.690133462445884,16.93130850791931,-15.690133462445884,16.93130850791931
250.0324716553288,114.84375,0.10884965,1756.018909487536,2168.48356847481,3430.634088193429,0.0392107958469726,0.44221854,0.3000007,-209.8307,65.235435,182.72931,26.45802,-43.746902,23.437695,39.660156,15.414864,13.49262,18.695232,12.314901,9.82871,-4.850741,8.017358,0.35464174,8.371473,-0.5856745,6.6103573,0.22709656,6.196099,-0.14372423,6.9042788,-1.6674314,6.4063497,2.7380543,6.7712817,12,20.836039304610733,12.60064784627244,1,0.0833333333333333,1,0.2987468750600963,NA-Sunshine Of Your Love.mp3.mp3,1960,-19.052867468762543,-18.758999,15.220118761062622,-19.052867468762543,15.220118761062622,-19.052867468762546,15.220118761062622
154.041179138322,79.50721153846153,0.12985498,3183.658776248343,3629.841090569887,7202.027995527639,0.0677488118452784,0.43961352,0.29629427,-130.6261,62.28973,135.44922,20.071949,-33.12523,19.013348,40.407784,12.617618,-18.620985,12.459698,33.500988,9.252905,-25.24161,9.144454,13.952717,9.891561,-9.576195,8.283364,7.7269287,9.304992,-9.437981,7.078244,3.8762217,8.772778,2.8688896,7.4867635,7,22.005882734046,12.118679154252067,1,0.1428571428571428,1,0.4010507031510862,NA-Hank Ballard & The Midnighters - Finger Poppin Time.mp3.mp3,1960,-16.739669276993837,-17.103579,15.768249034881592,-16.739669276993837,15.768249034881592,-16.739669276993837,15.768249034881592
166.74249433106576,123.046875,0.10393591,2783.804962223932,3042.246271643569,6132.006490880431,0.0643142522779885,0.4444694,0.29099038,-177.4356,89.79645,146.3697,32.509212,-33.283325,19.894077,68.474976,19.068262,-25.318806,15.824439,20.174604,10.405616,-4.605558,10.245726,9.916345,11.319208,1.1961458,9.57764,-1.498044,8.208024,1.8469698,8.4761715,-6.345617,7.840169,2.2689962,7.169389,9,18.526943814562863,11.575790791741143,2,0.2222222222222222,1,0.4822055558760694,"NA-Sugar, Sugar.mp3.mp3",1960,-18.851802757215513,-18.897484,17.49202609062195,-18.851802757215513,17.49202609062195,-18.851802757215513,17.49202609062195
141.20054421768708,139.6748310810811,0.06972091,3354.6843173242996,2829.627774599053,6677.243933959549,0.101253344865062,0.4226826,0.29164603,-212.74838,106.206436,144.68477,35.72572,-83.439316,24.554386,82.63761,25.324034,-26.780378,15.8890295,26.862226,12.981405,-10.608186,9.448406,-7.3979025,8.700869,10.347468,8.45978,-19.730135,8.585345,15.662614,9.068733,-14.525351,8.599368,7.0435915,7.028069,11,12.836413110698826,9.445682950258943,2,0.1818181818181818,1,0.4471693852067813,Tossin'and Turnin'-Bobby Lewis-original song-1961.mp3,1960,-21.46048225214024,-22.617374,15.659023523330688,-21.46048225214024,15.659023523330688,-21.460482252140242,15.659023523330688
161.56444444444443,103.359375,0.102305606,2252.177378245594,3074.282296507503,4396.551843911673,0.048917136247485,0.41735443,0.3067491,-256.28052,83.425644,137.04012,33.05687,11.399035,30.828228,50.04456,18.181965,-0.77607423,20.513458,24.116968,11.723799,3.8585181,13.451115,22.948252,11.965891,-1.2233218,10.903226,-2.2792466,10.1795845,-11.656603,15.207375,-4.7697754,10.647456,-5.9127135,10.080054,8,20.19555555555555,9.731306459550025,1,0.125,1,0.375,NA-I'm Sorry.mp3.mp3,1960,-18.52384514722011,-18.586906,17.212045192718506,-18.52384514722011,17.212045192718506,-18.52384514722011,17.212045192718506
144.7764172335601,156.60511363636363,0.10337075,1821.6412969472528,2337.173196591748,3416.2907633209047,0.0435322056546187,0.38972974,0.29974332,-206.37556,67.7351,172.46394,28.877022,-22.715355,26.067482,25.370409,21.043922,-4.7147136,13.718415,14.861148,13.040069,-1.5358891,10.076492,-4.293768,9.310436,-1.0895065,8.46115,1.2257847,7.383982,2.2561274,7.1679993,-4.3006725,7.486113,1.1605016,7.2828665,11,13.161492475778193,7.47305378046116,2,0.1818181818181818,1,0.4471693852067813,"Louis Armstrong - Hello, Dolly! (Audio).mp3",1960,-18.320626176761195,-18.453081,17.288169860839844,-18.320626176761195,17.288169860839844,-18.320626176761195,17.288169860839844
156.54893424036285,78.30255681818181,0.19693787,3786.0815744550937,3601.630231769525,7718.100406701891,0.0973205181683351,0.491656,0.28687888,-84.77651,89.09957,119.965965,24.863544,-38.986828,18.263485,74.13536,18.576715,-29.589373,14.340645,39.156776,12.092856,-13.632087,10.267125,17.394035,9.397405,-10.119659,8.433483,13.8888855,7.0479198,-11.187166,7.634188,5.4545293,7.7576585,3.1954253,7.11245,11,14.231721294578438,6.228501887826531,1,0.0909090909090909,1,0.3144937835124816,Chubby Checker - The Twist (Official Music Video).mp3,1960,-13.162033275722688,-13.599864,13.987128734588625,-13.162033275722688,13.987128734588625,-13.162033275722687,13.987128734588623
144.5209977324263,178.20581896551724,0.17955509,2653.8271023511547,2623.2998861011647,5322.286867921118,0.0713112624507992,0.4449719,0.29887387,-148.81323,86.07327,146.38353,34.520252,-47.384747,21.749601,59.489296,23.882366,-3.4487176,20.191442,19.46058,14.588742,5.940861,12.272295,3.2813838,9.608836,7.299408,9.683993,-1.2701632,9.564696,-2.8117974,10.010317,2.2174432,8.213177,5.104038,8.381404,10,14.452099773242631,7.18786588711473,1,0.1,1,0.3321928094887362,NA-Limbo Rock.mp3.mp3,1960,-13.837841124532662,-14.02123,14.4163179397583,-13.837841124532662,14.4163179397583,-13.837841124532662,14.4163179397583
195.5352380952381,84.72079918032787,0.17325038,1658.003980223266,2325.053504535377,3344.918399079922,0.0302534922705278,0.4516918,0.30372676,-180.61726,69.07792,167.3306,28.491901,-15.179522,25.508097,41.0332,18.498392,0.19277966,14.651161,18.151464,14.07061,4.233622,11.670559,3.1008182,10.394762,4.9727416,9.104015,-1.8502705,8.471931,-0.2592875,9.768294,-4.5937543,8.595637,1.9672474,10.429611,10,19.55352380952381,11.944117389739928,2,0.2,1,0.4643856189774724,NA-Elvis Presley - It's Now or Never (Official Audio).mp3.mp3,1960,-15.445009004135828,-14.477353,13.834353685379028,-15.445009004135828,13.834353685379028,-15.445009004135827,13.834353685379028
142.05968253968254,79.50721153846153,0.123763815,1027.2262299043027,1643.7923354622717,1724.6288511851862,0.0236211690850494,0.3760262,0.30692557,-271.1755,61.426247,209.27916,28.337679,2.7339916,34.895844,17.746058,18.159128,19.316532,13.8241005,12.623577,13.093766,-5.98141,12.012701,1.6076537,9.26702,4.534988,9.696233,-3.6240602,10.626693,-10.122465,11.000824,-5.9437003,9.920072,2.6363757,8.700938,4,35.514920634920635,28.51931083224314,1,0.25,1,0.5,Jim Reeves  -  He'll Have To Go.mp3,1960,-18.167110611322663,-17.58326,14.221702814102173,-18.167110611322663,14.221702814102173,-18.167110611322663,14.221702814102173
166.11555555555557,161.4990234375,0.17391664,2310.3564302445475,2349.430954029486,4546.5863308822245,0.066439555087707,0.47152957,0.280421,-127.43381,97.26601,174.93225,45.103916,-64.885086,20.147694,36.186066,21.256811,-20.326653,18.433262,16.186783,13.4377165,1.6387134,9.868094,6.982523,9.245056,7.088564,8.7053175,3.2258492,7.6365457,4.96249,6.7935433,-1.7815087,6.094283,3.0810823,5.877283,13,12.778119658119657,5.340973069950033,1,0.0769230769230769,1,0.2846492090877763,Wipe Out.mp3,1960,-13.95662422359811,-14.460111,14.688990116119385,-13.95662422359811,14.688990116119385,-13.95662422359811,14.688990116119385
144.89251700680273,93.9630681818182,0.09118148,1801.4628654763444,2109.454828400471,3519.1475261146943,0.0547055743480089,0.35134733,0.2903853,-229.60248,61.402584,178.42847,25.528048,-33.224457,21.883553,36.481567,17.86129,1.0880328,11.888121,1.6046357,7.975274,2.3733609,8.9553175,-1.9900831,9.883598,6.1022944,10.366925,-0.6422318,10.21303,0.12052466,9.1394825,-3.2881844,9.676869,-1.2140194,10.7626,6,24.14875283446712,11.530260441830526,1,0.1666666666666666,1,0.430827083453526,NA-The Theme from ＂A Summer Place＂.mp3.mp3,1960,-20.11626617220715,-20.161976,16.623880863189697,-20.11626617220715,16.623880863189697,-20.11626617220715,16.623880863189697
425.66820861678,147.65625,0.15101916,3259.5013052476147,3294.736665514503,6962.014924240164,0.0791665246147552,0.4731701,0.28289127,-128.226,83.57307,130.45592,27.975164,-41.07906,19.886213,49.29921,18.994894,-19.3095,16.61012,32.27041,15.237371,-12.409747,10.873737,12.930099,12.92017,8.176234,9.644061,-0.88699234,10.448044,-3.4701934,8.774449,5.715092,8.417661,-3.0690236,7.873448,22,19.34855493712636,9.653192191345417,1,0.0454545454545454,1,0.2027014372107862,NA-Hey Jude (Remastered 2015).mp3.mp3,1960,-15.246654446381044,-15.61273,19.905426502227783,-15.246654446381044,19.905426502227783,-15.246654446381045,19.905426502227783
176.79673469387754,97.50884433962264,0.074884415,1693.4287947694943,1792.6809452232776,3059.1189064398104,0.0536176353503184,0.33376393,0.29008186,-262.60358,99.658394,187.22556,37.951344,-20.619677,35.73428,10.710881,24.887442,1.2716591,15.53641,-0.64914536,11.874272,-12.252924,10.510862,-0.26281953,9.017974,-6.5480857,8.079816,-7.5254273,8.761892,3.0848093,8.242753,-0.3309905,7.809017,-3.3192239,8.994617,9,19.64408163265306,11.350164650542208,1,0.1111111111111111,1,0.3522138890491458,NA-Exodus.mp3.mp3,1960,-20.51118572094432,-21.183138,21.479856967926025,-20.51118572094432,21.479856967926025,-20.511185720944322,21.479856967926025
118.14312925170069,72.78829225352112,0.19634567,1683.4477583866806,1985.0335674493908,3510.153318489302,0.0371923784943991,0.315757,0.3084689,-165.82,73.611176,179.50873,36.601162,-44.01183,20.204382,38.52538,18.8824,0.2646024,17.668068,-9.1033945,13.308021,2.4601638,11.484311,1.2399807,9.887427,0.02377009,9.1893215,-6.794546,9.330335,-0.50493807,8.727345,-4.4560714,9.2441225,-7.8412714,8.041834,7,16.877589893100097,9.606051246619597,1,0.1428571428571428,1,0.4010507031510862,NA-Sixteen Reasons.mp3.mp3,1960,-13.83547553261774,-13.585052,13.214348554611206,-13.83547553261774,13.214348554611206,-13.835475532617739,13.214348554611206
148.86312925170068,103.359375,0.12768385,2374.2243838245668,3177.050734617508,4794.272041692661,0.0528911824699758,0.3683422,0.29988623,-197.78912,86.03313,146.52798,34.1603,-6.47004,24.55774,26.692211,19.969019,-4.880496,13.105548,17.508308,12.570972,-15.774602,10.917993,8.978416,10.257792,-11.528087,9.495866,0.49843717,10.878283,-6.619686,10.021045,-0.8706747,10.544884,-2.3815322,11.152728,8,18.607891156462586,13.78478836983429,2,0.25,1,0.5,NA-Last Date (Remastered).mp3.mp3,1960,-17.11777941039314,-16.931776,16.35995388031006,-17.11777941039314,16.35995388031006,-17.11777941039314,16.35995388031006
168.76263038548754,166.70866935483872,0.06550755,2773.863935603163,2794.269840138536,5579.823662518487,0.0713082753276123,0.4526405,0.29528612,-229.56711,79.44865,145.57837,34.83487,-46.30767,25.317648,66.52884,22.39556,-12.945935,18.63854,24.288437,15.383458,-8.635162,11.011741,5.4477153,10.103784,7.782827,9.572422,-4.6263795,8.878491,-1.6738759,9.836445,-2.3624837,8.609061,5.0874968,8.898875,13,12.981740798883656,5.880462720818706,1,0.0769230769230769,1,0.2846492090877763,NA-Johnny Horton - North to Alaska (Official Audio).mp3.mp3,1960,-22.44911737832978,-23.030258,17.80146598815918,-22.44911737832978,17.80146598815918,-22.44911737832978,17.80146598815918
144.6138775510204,126.04801829268293,0.10588115,3241.04515867472,3500.4916354686516,6868.5663016715,0.0692809044362607,0.4704107,0.29774854,-202.01547,102.78537,118.56691,33.489796,-21.67627,25.744701,63.711613,21.995417,-6.3938513,16.888712,26.195942,14.8308115,-7.429139,12.026309,21.718306,11.045507,-8.731462,9.063326,3.5091083,9.292592,-1.632517,8.905747,-2.6535964,7.8571825,-3.3782754,8.484908,8,18.07673469387755,8.005725507065756,1,0.125,1,0.375,NA-Sweet Nothin's.mp3.mp3,1960,-18.045606681267735,-18.455719,17.972426414489746,-18.045606681267735,17.972426414489746,-18.045606681267735,17.972426414489746
175.54285714285714,87.5926906779661,0.09633226,1555.3472103611143,1874.3516620967575,2844.6969091257606,0.0411817652705674,0.3225993,0.30935517,-257.44128,71.8068,179.89769,33.943466,-34.358196,26.80561,17.084599,19.521233,9.113089,16.561787,1.8596293,10.706511,-3.7832909,9.302587,-3.8795173,9.551929,2.0878046,9.818417,0.8950647,8.893966,4.577136,9.438774,0.52194315,10.463386,-1.8677278,11.863786,6,29.257142857142856,15.964097371997612,1,0.1666666666666666,1,0.430827083453526,NA-Stranger on the Shore.mp3.mp3,1960,-19.276784707546422,-19.436111,17.02934503555298,-19.276784707546422,17.02934503555298,-19.276784707546426,17.02934503555298
165.14031746031745,92.28515625,0.117987454,1580.2458888575047,2237.950335211112,2922.2077967102373,0.0355064394771529,0.36189377,0.30371544,-221.19026,84.69271,178.8613,39.266396,-12.043921,23.046906,20.338976,13.12368,10.786973,18.503197,8.679809,10.588112,-13.200079,9.068698,-2.3257387,8.5171,-1.0744911,8.320503,-5.350089,9.675977,-7.7852445,7.675342,-3.0348854,8.211933,-2.76135,8.222161,8,20.64253968253968,10.976482968734787,1,0.125,1,0.375,NA-Henry Mancini & His Orchestra - Moon River (Official Audio).mp3.mp3,1960,-17.913958131864053,-17.669382,16.042633056640625,-17.913958131864053,16.042633056640625,-17.913958131864053,16.042633056640625
160.49632653061224,109.9567819148936,0.1455378,1934.542884420837,2113.032883846077,3522.8226859177216,0.0552105701853526,0.35967243,0.3036869,-177.08594,71.44645,184.04591,34.450047,-45.71979,25.576931,25.636988,16.259907,-1.6533283,19.171093,8.618667,14.700065,-9.490432,10.085525,2.1237333,10.487738,7.3480854,9.526398,-6.6226277,8.351925,-3.1872802,9.928867,-2.169222,8.547898,0.8918832,9.898506,9,17.832925170068027,9.409606295355266,1,0.1111111111111111,1,0.3522138890491458,The Platters - Smoke Gets In Your Eyes.mp3.mp3,1950,-15.581469953812515,-16.004946,15.270516872406006,-15.581469953812515,15.270516872406006,-15.581469953812517,15.270516872406006
153.90185941043083,83.35433467741936,0.07832198,2568.454633834825,3019.009813493835,5739.223172044722,0.0467464564711096,0.4235897,0.30946642,-244.44533,73.448784,143.62187,27.933681,-21.445457,23.921677,71.55479,20.837347,-13.872455,20.753075,19.946287,14.126536,-14.085136,12.46808,10.195039,10.341312,7.319533,11.505125,-3.7240815,10.459855,3.9928908,8.900416,-8.279026,9.584213,5.7035575,8.381315,7,21.985979915775832,10.037862958967953,1,0.1428571428571428,1,0.4010507031510862,Clyde McPhatter -- A Lover's Question.mp3,1950,-21.870233427976306,-21.462132,15.92328667640686,-21.870233427976306,15.92328667640686,-21.870233427976306,15.92328667640686
143.4180625,170.45454545454547,0.1350757,2048.7122085748197,3151.6860465220393,3940.6584672021418,0.0335430262717536,0.3727021,0.30132902,-198.95761,71.827835,164.95059,29.094248,2.644084,23.485193,38.494617,15.370992,-7.595438,14.475108,10.374895,9.593865,-15.614052,10.662284,13.087149,9.19077,-9.281135,8.847515,-4.110091,9.332262,-6.216025,7.87968,0.25871372,8.067496,-4.753523,7.5394416,8,17.927261904761906,12.415993333122206,2,0.25,1,0.5,The Teddy Bears - To know him is to love him  (HQ).mp3,1950,-16.924439679901294,-16.713089,17.002079486846924,-16.924439679901294,17.002079486846924,-16.924439679901294,17.002079486846924
145.12471655328798,99.38401442307692,0.09873293,1590.5209063242844,2463.375641657001,2834.397216972642,0.0304605319074474,0.3813489,0.3043729,-285.50763,82.28912,160.55782,39.64542,15.764418,28.823975,45.792168,19.171396,10.504635,20.63507,8.658801,14.208006,-2.0261946,14.429413,8.677196,11.303136,-5.470043,11.327115,-6.054438,10.652873,-9.389731,10.474029,-0.99595535,10.961464,-8.615957,9.722215,7,20.732102364755427,12.260408889443047,1,0.1428571428571428,1,0.4010507031510862,NA-The Fleetwoods - Mr. Blue (Official Audio) - Featured in Captain America： Brave New World.mp3.mp3,1950,-19.90190060884961,-19.322678,16.79628610610962,-19.90190060884961,16.79628610610962,-19.90190060884961,16.79628610610962
130.24072562358276,86.1328125,0.16950639,1733.682574126788,2105.878506057961,3219.3760523790556,0.0449624816856448,0.38270888,0.2975186,-175.45567,80.67326,177.10739,31.336905,-34.970078,34.564663,38.24385,17.867067,6.407896,23.21385,11.119315,16.324226,-7.1724176,12.074876,0.37068462,9.101597,0.29188478,8.8913355,-16.233295,10.691297,-1.2944889,8.540717,1.5419106,8.464226,-1.682569,9.157346,7,18.605817946226107,14.37449808741274,2,0.2857142857142857,1,0.5163871205878868,NA-It's Only Make Believe.mp3.mp3,1950,-14.32871464380526,-14.741812,14.421770572662354,-14.32871464380526,14.421770572662354,-14.32871464380526,14.421770572662354
157.01333333333332,86.1328125,0.14304005,3131.2963506980045,3169.7671100496823,6301.322128436922,0.0818790073359519,0.42429966,0.31075564,-140.83455,98.815285,127.37536,34.700768,-50.14077,21.134857,39.218143,22.086283,-11.298276,19.645374,35.111492,16.344854,-11.844497,12.336399,5.7749557,13.20165,-8.205563,10.258606,10.745261,9.310765,-6.537448,8.383847,-1.0823891,7.924631,-0.6397662,8.795764,7,22.43047619047619,12.588067099284595,1,0.1428571428571428,1,0.4010507031510862,NA-Rockin' Robin.mp3.mp3,1950,-15.072646888799438,-15.873581,15.175555944442747,-15.072646888799438,15.175555944442747,-15.072646888799438,15.175555944442749
151.44054421768706,101.33272058823528,0.20051081,2359.4840225714215,3392.4377987179514,5821.090856620113,0.0354186380078574,0.38444468,0.29352316,-163.4179,90.91805,139.85577,31.843172,7.4679475,20.07693,53.82562,16.090267,-17.162153,15.672643,29.53713,12.587472,-19.05934,11.089036,6.7323256,9.108044,-9.054218,9.802751,-7.239542,10.20192,-10.338992,8.050548,1.4919354,8.247648,-0.32990167,7.4220886,5,30.28810884353741,17.2638424941889,1,0.2,1,0.4643856189774724,NA-Donna.mp3.mp3,1950,-13.701794438128832,-13.177763,12.974923849105837,-13.701794438128832,12.974923849105837,-13.701794438128832,12.974923849105835
184.36643990929704,84.72079918032787,0.09766327,2268.5910836206453,2637.020834686238,4503.404827801303,0.0538606410077293,0.3743117,0.3120807,-206.47092,89.24236,152.97859,32.550915,-35.643898,31.832802,41.678402,16.929804,-5.7991176,18.444103,19.320742,11.94118,-8.860954,12.105095,6.3676524,8.662126,1.8662491,7.5642896,-7.524031,7.8730426,9.491523,7.799971,-5.6977973,8.009772,5.276077,6.8708096,15,12.291095993953135,5.598161506907542,1,0.0666666666666666,1,0.2604593730405679,Mack the Knife.mp3,1950,-18.78449814731447,-19.121777,15.979197025299072,-18.78449814731447,15.979197025299072,-18.78449814731447,15.979197025299072
158.53278911564627,69.83741554054055,0.110419616,2059.4155258630617,2304.777245953751,3934.0192287337513,0.0544859297761808,0.420438,0.2959974,-203.59085,69.919945,170.53973,33.721085,-38.850994,18.703335,40.345806,18.600407,3.170101,15.311193,7.6507335,13.464195,-7.8075614,9.608991,-6.5769224,9.55558,3.5374799,8.891841,-5.7498064,9.139835,-4.261927,8.702358,-5.5955186,8.614512,-0.33411255,8.548579,7,22.64754130223518,14.480140246832796,2,0.2857142857142857,1,0.5163871205878868,It's All In The Game.mp3,1950,-18.88687448826455,-18.431587,16.8130624294281,-18.88687448826455,16.8130624294281,-18.88687448826455,16.8130624294281
144.93895691609978,120.18531976744184,0.11485869,2094.3354706029745,2547.778408008846,4727.547912964307,0.0460216713180817,0.52179676,0.27743074,-207.18474,68.84298,150.86752,27.69675,-31.435162,25.50149,65.59252,15.488164,3.1220722,14.93067,9.985841,10.152349,19.06101,9.015174,3.9258687,8.922633,15.410713,8.3382015,-0.020193176,8.214722,-2.5071876,8.365733,-1.2303329,7.2774925,-4.099542,8.51727,9,16.104328546233308,6.682392149935307,1,0.1111111111111111,1,0.3522138890491458,NA-Primrose Lane  ~ Jerry Wallace (1959).mp3.mp3,1950,-18.84081681461584,-17.941523,15.196425914764404,-18.84081681461584,15.196425914764404,-18.840816814615838,15.196425914764404
183.99492063492065,129.19921875,0.09311829,1855.9550481650504,2589.9432200170013,3692.579539102427,0.0357327046954855,0.473546,0.30074114,-261.04703,100.286575,146.46321,34.780613,6.9955697,28.303783,28.620035,18.545557,9.136065,20.530022,27.635334,16.487614,-1.9407792,16.20665,7.3247375,10.607428,8.301441,12.571305,-3.6656837,9.401984,-6.9169064,10.32511,-1.874228,10.44979,2.1763945,9.216626,9,20.44388007054674,11.029731626579643,1,0.1111111111111111,1,0.3522138890491458,NA-Tom Dooley.mp3.mp3,1950,-18.98599448315754,-19.051931,19.194828271865845,-18.98599448315754,19.194828271865845,-18.98599448315754,19.194828271865845
174.05678004535147,114.84375,0.1682428,2563.4641305624104,3121.9210224447856,5614.434073140382,0.0530972396493363,0.34557268,0.30388674,-152.05457,86.39425,143.90128,38.999035,-9.706018,20.165884,28.333776,18.938366,-21.272827,22.826563,9.446365,17.687723,-20.581491,15.275639,6.277814,12.071208,-8.824146,12.955438,-1.6744679,8.487337,-5.0613246,8.977855,-4.9890666,13.102309,0.6807963,9.013652,6,29.009463340891912,15.686442349089596,1,0.1666666666666666,1,0.430827083453526,NA-The Crests - Sixteen Candles.mp3.mp3,1950,-14.109712562749724,-14.226899,14.548187255859377,-14.109712562749724,14.548187255859377,-14.109712562749724,14.548187255859375
157.70993197278912,64.599609375,0.12762873,2325.5376839558508,2106.406836224538,4455.17772215449,0.0686935340564041,0.40159562,0.30585346,-176.25311,78.42546,171.87843,35.887608,-59.422966,23.166624,36.404705,18.779663,-6.8920755,17.043978,1.3870761,14.802846,7.1792436,11.450596,-3.9083393,10.80903,5.6101894,10.041052,-7.801439,9.692382,2.5225537,8.791413,-0.9207875,8.492495,5.475773,8.503151,11,14.33726654298083,6.130230849674131,1,0.0909090909090909,1,0.3144937835124816,NA-Lloyd Price - Personality (1959).mp3.mp3,1950,-17.047595779359934,-17.155287,15.877715349197388,-17.047595779359934,15.877715349197388,-17.047595779359934,15.877715349197388
204.358820861678,198.76802884615384,0.1926587,2744.6754153077472,2998.1159108743745,5871.810785315358,0.0636314544218315,0.4506235,0.29405326,-118.41153,83.45638,144.27397,30.87294,-34.841824,25.010897,63.917698,15.575545,-17.440298,15.585978,15.036704,10.987627,-11.098864,11.518996,3.3486123,8.580217,-9.783581,8.932545,-2.8654716,7.4183135,-5.3080435,6.7594404,-5.0966606,6.9465065,0.24994095,6.7165284,14,14.597058632977,7.027006585440536,2,0.1428571428571428,1,0.4010507031510862,"NA-Topsy, Pt. 2 - Cozy Cole (1958).mp3.mp3",1950,-13.55912746796742,-13.622076,13.489129543304443,-13.55912746796742,13.489129543304443,-13.55912746796742,13.489129543304443
136.20825396825396,143.5546875,0.11241739,2751.05958114755,2909.8365463390837,5486.630057849655,0.0705868330776442,0.45325175,0.30305377,-165.35045,104.50955,140.10677,36.922817,-47.09091,17.023184,39.903694,17.425745,-12.731746,19.494682,19.633284,12.112251,-8.725879,10.034199,11.783843,9.214702,-5.3471894,8.854302,0.6833031,9.988926,2.6664479,7.804937,6.845883,6.952617,-1.1961223,6.750855,8,17.026031746031745,11.037442166122457,1,0.125,1,0.375,NA-Bird Dog.mp3.mp3,1950,-16.856868082539705,-17.690052,16.178442239761353,-16.856868082539705,16.178442239761353,-16.856868082539705,16.178442239761353
163.70068027210883,135.99917763157896,0.25115937,2433.5459773652433,2506.7687685241835,4725.451576184756,0.0650530796796326,0.3634214,0.31116802,-121.29724,99.31526,148.43378,43.2779,-48.79476,27.832254,37.978176,21.504929,-13.224736,19.580944,6.597769,14.563475,-6.4712763,12.257565,3.3740149,10.949912,6.4549155,11.698943,1.0779095,8.529418,-0.5027903,10.68431,6.313467,8.880787,4.7926927,9.306218,10,16.370068027210884,7.973862251434879,1,0.1,1,0.3321928094887362,NA-Lonely Teardrops.mp3.mp3,1950,-10.05208770272159,-10.88849,11.250507831573486,-10.05208770272159,11.250507831573486,-10.05208770272159,11.250507831573486
175.07845804988662,143.5546875,0.17446586,4542.881980261792,2702.6979046388915,7252.524453886513,0.1640379580473775,0.5099796,0.29859716,-165.86298,174.1582,122.511154,64.5567,-46.933533,30.094988,39.722893,24.066774,-11.374116,14.190899,12.372136,12.064218,-6.8980184,9.096334,4.7785115,8.998018,-3.9040515,8.108668,-4.470859,7.348237,5.455746,9.522819,-6.647698,8.9958935,3.314795,7.680347,9,19.453162005542957,14.119912429170713,1,0.1111111111111111,1,0.3522138890491458,Lloy Price - Stagger Lee.mp3.mp3,1950,-11.990441405623526,-13.5454445,15.07417917251587,-11.990441405623526,15.07417917251587,-11.990441405623526,15.07417917251587
130.1014058956916,126.04801829268293,0.0771453,2215.330091036698,2361.2289737742863,4423.654283455653,0.0529611096859105,0.4356986,0.3101734,-247.03935,90.72056,150.07166,38.160973,-46.498928,32.329315,50.15342,22.19284,-0.6335841,21.146402,8.025245,15.781758,3.9468405,12.252544,2.653792,11.8948555,9.716586,10.446638,-9.220678,10.518762,-0.2491342,10.6521845,0.30857196,11.162179,-1.4828966,8.522989,7,18.585915127955943,15.48125494472268,2,0.2857142857142857,1,0.5163871205878868,NA-My Heart Is an Open Book.mp3.mp3,1950,-20.5518769256924,-20.892265,19.12848711013794,-20.5518769256924,19.12848711013794,-20.5518769256924,19.12848711013794
146.77333333333334,170.45454545454547,0.27708346,1945.1326557181144,2178.131302692921,3566.2367833006324,0.0465298215972676,0.43814072,0.3001378,-127.66578,92.628174,178.64885,46.821598,-50.341164,29.983051,32.79794,18.608988,0.3337345,15.32704,21.661314,15.352398,0.98818743,10.863252,-0.2682263,10.10151,10.713533,10.858475,-8.348968,8.599515,3.2245166,8.456947,-3.9643266,7.5842695,1.8088672,8.3572645,7,20.96761904761905,15.491078739311494,2,0.2857142857142857,1,0.5163871205878868,The Big Bopper - Chantilly Lace HQ.mp3,1950,-10.333976050752549,-10.61607,12.577444314956663,-10.333976050752549,12.577444314956663,-10.333976050752549,12.577444314956665
150.88326530612244,178.20581896551724,0.13024622,2195.9247018881474,2277.163999586172,4164.75707885714,0.0585803003818188,0.44702026,0.29314315,-162.56287,91.028496,165.04254,37.316452,-59.094215,22.287464,44.01424,19.200108,-1.7748845,15.520362,13.609107,12.389832,-7.1693954,10.192396,1.7478524,7.751489,-1.4638087,7.70418,-7.7256303,6.873541,-0.9259407,7.6737957,-3.1732414,6.956637,-0.18480687,6.5918894,12,12.57360544217687,4.668967453352923,1,0.0833333333333333,1,0.2987468750600963,Johnny Horton  Battle Of New Orleans (HQ Stereo) (1959).mp3.mp3,1950,-16.131987915746244,-16.84751,15.919079780578612,-16.131987915746244,15.919079780578612,-16.131987915746244,15.919079780578613
184.50575963718825,117.45383522727272,0.21378405,2802.7006985440917,3263.492771889863,6072.034043953116,0.0544966792082206,0.46221012,0.30564448,-132.67218,93.53451,131.5767,35.264847,-9.851646,27.029243,34.384518,23.282524,-4.001192,21.546595,25.521433,14.002114,-8.102831,14.017506,11.991124,11.584308,-4.579125,10.049896,10.295438,10.872018,-0.07430305,10.08046,12.594248,9.335731,0.78044075,7.707941,10,18.450575963718823,7.825008960433576,1,0.1,1,0.3321928094887362,NA-Timbaland- Apologize (ft.One Republic).mp3.mp3,2000,-13.279073547281849,-11.933926,15.399264097213743,-13.279073547281849,15.399264097213743,-13.279073547281847,15.399264097213745
242.6485260770975,99.38401442307692,0.26864132,2855.5493314584014,2987.00432394466,5840.424690449171,0.0707004430858571,0.52299917,0.2762451,-72.012215,89.27533,143.22647,29.148258,-48.29626,19.832304,55.301308,15.688882,-2.6032355,23.723715,29.13702,13.789637,-10.838281,10.872542,14.285045,9.335319,0.52261823,9.211628,5.718317,8.647625,-0.46612453,8.96027,2.7201946,7.3826947,2.4183896,7.225585,9,26.96094734189972,15.38403898659131,1,0.1111111111111111,1,0.3522138890491458,NA-Kryptonite.mp3.mp3,2000,-10.97103436417375,-10.899609,13.84751558303833,-10.97103436417375,13.84751558303833,-10.97103436417375,13.84751558303833
188.5228117913832,132.51201923076923,0.23643033,2794.9050937010234,3125.271916310233,5907.628111360959,0.0590435436583995,0.48807722,0.29317915,-106.169365,89.731285,136.96207,30.15463,-33.75767,33.473804,40.502262,21.82777,-4.91093,19.024658,33.194702,14.52102,-10.947492,12.151721,21.655233,11.961248,-1.3139806,9.89601,6.3626866,10.616733,4.0100765,9.553337,2.5587068,8.130515,-0.31359518,6.9319115,12,15.710234315948602,8.509643255771685,2,0.1666666666666666,1,0.430827083453526,NA-Since U Been Gone - Kelly Clarkson.mp3.mp3,2000,-12.174283622026207,-11.817516,12.249925136566162,-12.174283622026207,12.249925136566162,-12.174283622026207,12.249925136566162
224.16544217687076,86.1328125,0.25407812,2951.210695504489,3118.528431745315,6198.276035159284,0.0709943842978015,0.49475235,0.28802484,-81.62361,100.92636,134.15323,31.757584,-42.31509,26.408678,43.372105,21.39351,-7.687961,23.481096,37.91565,14.89108,-8.71297,12.023325,13.079587,13.225351,-2.3642533,9.797365,6.262995,10.336215,-1.1673625,9.091324,5.584812,8.843996,2.5765967,8.4965725,9,24.90727135298564,11.612949098119676,1,0.1111111111111111,1,0.3522138890491458,NA-How You Remind Me.mp3.mp3,2000,-11.028323480525115,-11.275251,12.411811351776125,-11.028323480525115,12.411811351776125,-11.028323480525117,12.411811351776123
242.04480725623583,120.18531976744184,0.21988434,3043.8846150551976,3378.8596085314744,6515.351949864951,0.0628611815164996,0.4353093,0.308245,-111.298,81.46652,128.37477,34.40598,-30.705526,21.74855,41.485912,19.135172,-12.057987,15.549516,22.330135,17.052504,-12.075691,13.097631,20.516718,11.799316,-5.4726987,11.8150425,5.2938523,13.123262,1.4614376,10.696965,8.757456,11.299755,-3.1337762,9.307162,13,18.618831327402756,8.654409981000855,1,0.0769230769230769,1,0.2846492090877763,NA-Lady Gaga - Just Dance (Audio).mp3.mp3,2000,-13.160893196026633,-12.267025,14.845843315124512,-13.160893196026633,14.845843315124512,-13.160893196026633,14.845843315124512
254.3978231292517,112.34714673913044,0.19236323,3333.9482543862546,3732.871266012293,7568.557802624298,0.0680412891676744,0.3936501,0.30777773,-130.84538,93.50193,120.2702,26.880745,-13.916982,23.419834,53.556828,17.343721,-16.605165,17.167559,29.167286,13.921771,-16.980255,15.275907,20.257381,12.75321,-6.2400446,11.017359,10.303,10.33437,2.1359236,10.13109,1.676098,10.486729,-1.514062,8.311437,11,23.12707482993197,12.713112644035617,1,0.0909090909090909,1,0.3144937835124816,NA-Fergie - Big Girls Don't Cry (Personal) (Radio Edit).mp3.mp3,2000,-13.207057413762554,-13.274737,15.235633850097656,-13.207057413762554,15.235633850097656,-13.207057413762554,15.235633850097656
218.3604535147392,126.04801829268293,0.07562679,2814.746764145852,3299.084639270313,6240.396450938547,0.0601559955922032,0.52288246,0.26868188,-209.03104,103.508316,146.9734,32.927853,-28.851986,25.442081,45.814262,19.919153,-6.7578487,22.176426,35.855732,14.74586,-15.818029,13.482529,17.570168,10.2417345,-5.567761,11.225336,8.164636,9.159347,1.1378056,6.9943085,1.2820504,7.7646356,0.51355225,6.7935014,9,24.26227261274881,13.670734772446316,1,0.1111111111111111,1,0.3522138890491458,Lifehouse - Hanging By A Moment.mp3,2000,-22.081816844984058,-21.850872,16.316063404083252,-22.081816844984058,16.316063404083252,-22.081816844984054,16.316063404083252
241.02312925170068,139.6748310810811,0.093114674,2044.6131088348325,2386.0141329940607,4212.095124741853,0.0491758087203771,0.39785093,0.2899902,-204.44307,72.175316,171.45753,26.7231,-44.025806,16.690346,44.3898,18.647919,-7.513371,16.059505,17.713339,13.157487,-2.1906319,9.1477995,-0.36733067,9.795204,0.9763352,9.070607,-4.7872744,9.71566,2.8325474,12.011185,-5.3959017,7.799839,8.434745,9.16003,14,17.215937803692906,7.983640944645609,1,0.0714285714285714,1,0.2719539230041146,NA-Coldplay - Viva la Vida (Audio).mp3.mp3,2000,-20.072544030804337,-19.843103,13.885047435760498,-20.072544030804337,13.885047435760498,-20.072544030804334,13.885047435760498
260.017052154195,156.60511363636363,0.11238054,2959.4383140127957,3384.1388182009932,6548.544441376775,0.0601789363182011,0.47251034,0.28426307,-160.89444,70.53544,141.06647,29.42214,-28.25563,15.956124,44.004364,19.535172,-13.295557,16.193832,32.42086,13.736862,-13.12252,11.450707,11.723448,10.917159,-6.532606,9.298578,9.05068,9.129378,-3.5582278,7.839333,5.169953,8.547083,5.201911,7.607808,18,14.445391786344167,7.286092597691575,1,0.0555555555555555,1,0.2316625000801284,NA-Train - Drops Of Jupiter (Tell Me) - Remastered.mp3.mp3,2000,-18.96132955819777,-18.435204,16.26591205596924,-18.96132955819777,16.26591205596924,-18.96132955819777,16.26591205596924
198.11265306122448,147.65625,0.15532218,3163.2116594557656,3407.7137288112754,6961.874476381666,0.079179618828743,0.38635108,0.29487914,-125.964355,90.08228,139.08765,26.681454,-34.802094,25.990824,52.466545,15.986873,-22.575281,18.948212,33.845863,12.408827,-20.116327,14.082897,17.229055,10.289454,-6.880835,9.043416,4.4636216,9.412606,0.95477134,8.420911,-1.9400731,9.284277,1.0934254,7.2225566,11,18.010241187384043,9.254438498017556,1,0.0909090909090909,1,0.3144937835124816,Carrie Underwood - Before He Cheats (Official Video).mp3,2000,-14.949062752420462,-15.521908,14.162369966506958,-14.949062752420462,14.162369966506958,-14.949062752420462,14.162369966506958
208.65451247165532,101.33272058823528,0.21698835,3319.3741024045785,3935.647989038317,7881.010969579369,0.0660586419994575,0.41626778,0.28956586,-102.821,97.915245,132.15813,28.436432,-16.265364,19.969423,48.75009,16.994415,-18.680132,14.988418,35.32073,12.384284,-21.624928,12.449146,22.831411,10.343164,-8.929548,9.085787,13.98366,8.707519,-7.0458503,8.834276,6.131412,8.560445,-1.6911979,7.1155257,10,20.86545124716553,14.983447211563137,1,0.1,1,0.3321928094887362,NA-The Way You Love Me (2007 Remaster).mp3.mp3,2000,-12.876461957959004,-12.703971,13.280283212661743,-12.876461957959004,13.280283212661743,-12.876461957959004,13.280283212661743
250.45043083900228,105.46875,0.2722987,3949.2331071739927,3689.448810426352,8076.634061619994,0.0946180329216497,0.4537065,0.307115,-105.12819,70.90782,91.99026,36.5338,-42.6407,24.867872,46.34121,23.21593,-34.021202,21.46077,31.003239,17.005812,-18.670296,14.41865,10.212464,14.435001,-7.757468,11.59785,9.441003,12.383912,-1.7594541,12.162611,9.492016,12.030131,7.2299085,11.930688,12,20.870869236583523,10.815705297684278,1,0.0833333333333333,1,0.2987468750600963,NA-Usher - Yeah (ft. Ludacris & Lil' Jon).mp3.mp3,2000,-12.07447358076713,-10.539909,11.913602352142334,-12.07447358076713,11.913602352142334,-12.07447358076713,11.913602352142334
264.21986394557825,123.046875,0.27225947,2291.038631671814,2823.181354578777,4728.627636405516,0.0489625584246891,0.37747988,0.29688954,-108.03495,97.12447,158.37936,36.643288,-19.924904,26.552748,36.86428,23.24639,-4.9545426,18.753506,23.790747,14.0271015,-12.259023,11.609941,5.1890664,12.851921,-9.374599,10.04735,2.391464,10.431099,-4.818438,8.124627,2.0060174,8.6868725,-0.52263534,8.017855,13,20.324604918890635,12.399727998725323,2,0.1538461538461538,1,0.4154522643293988,NA-How To Save A Life.mp3.mp3,2000,-10.776029801740174,-10.514179,11.577242612838743,-10.776029801740174,11.577242612838743,-10.776029801740174,11.577242612838745
234.05714285714285,120.18531976744184,0.21272075,3063.4625631315826,3449.8619424407384,6513.740008168617,0.0704718374507092,0.39541513,0.28900567,-100.30508,94.770424,139.90642,27.378502,-25.23825,26.247679,44.210854,25.717543,-15.38816,15.188082,23.971996,13.347707,-19.242054,12.451984,21.949013,12.959415,-14.522106,9.663734,11.239374,10.5438385,0.041471306,11.022488,3.127059,10.732767,-2.3564525,8.029705,12,19.504761904761903,10.238622154890775,1,0.0833333333333333,1,0.2987468750600963,NA-Taylor Swift - Love Story (Audio).mp3.mp3,2000,-12.3287291931411,-12.787916,14.839975833892822,-12.3287291931411,14.839975833892822,-12.3287291931411,14.839975833892822
242.9968253968254,151.99908088235293,0.18275924,2265.1733197118315,2959.1816151512276,4722.6241271544,0.0421940692035736,0.40016708,0.31017476,-178.21432,90.62385,137.97957,37.51928,0.40901503,29.485493,41.466427,24.654293,-3.7738626,20.849527,16.941656,16.602285,-10.714756,14.428856,7.61505,13.2040615,-0.8716943,12.185711,-0.4042224,12.364655,-1.6019793,10.018453,0.9995286,10.0893545,-0.23314379,9.507579,14,17.35691609977324,10.253259021217412,2,0.1428571428571428,1,0.4010507031510862,Jason Mraz - I'm Yours (Lyrics).mp3,2000,-14.241413209899749,-13.635469,13.970413208007812,-14.241413209899749,13.970413208007812,-14.241413209899749,13.970413208007812
195.6048979591837,139.6748310810811,0.16833866,2703.129655665802,3278.2734609912977,5922.346545394942,0.0569759216978752,0.3974688,0.29999846,-140.79648,92.34767,145.53062,30.678957,-23.320917,21.473015,34.771152,17.905048,-18.39846,16.723782,31.421549,14.26052,-16.92754,11.101402,10.786267,10.708595,-9.420625,11.839784,8.510268,9.196966,1.5340521,8.569392,-0.21528298,8.990815,0.44274184,8.495774,13,15.046530612244895,7.789476865790021,1,0.0769230769230769,1,0.2846492090877763,Lifehouse - You And Me (Lyrics).mp3,2000,-14.394060730564162,-14.50328,14.378708600997925,-14.394060730564162,14.378708600997925,-14.394060730564162,14.378708600997925
229.61054166666668,81.52173913043478,0.19143918,2936.248917778297,3283.127645856686,6066.720550148658,0.0660511879166473,0.4445273,0.2767857,-103.90507,83.04619,151.48784,33.90778,-38.171883,29.050877,41.113525,20.664665,-14.114144,15.855657,27.533709,11.794789,-9.840087,12.125903,12.746066,11.629266,-7.016449,10.492467,5.661962,9.81861,-3.7983627,8.963316,5.09792,9.457751,2.2512765,8.194696,17,13.506503934907297,8.136777827955218,2,0.1176470588235294,1,0.3632309225000399,Matchbox Twenty - Unwell (Official Video) [HD Remaster].mp3,2000,-13.742562519100998,-14.004531,13.035051822662354,-13.742562519100998,13.035051822662354,-13.742562519100998,13.035051822662354
238.93333333333337,161.4990234375,0.23135497,2618.0256762722315,3184.0934817798893,5447.139755151899,0.0536564177821777,0.46802312,0.2757322,-94.361534,88.39081,147.78091,27.965586,-32.45732,22.185762,50.301918,13.1046,-4.700926,13.982762,30.917448,9.687696,-13.688197,12.175208,20.411865,8.506754,-7.377128,8.27758,10.87468,8.143117,-1.7177923,8.294287,9.062662,6.8006554,0.3444119,6.051504,19,12.575438596491228,6.148992131735669,1,0.0526315789473684,1,0.2235751322865044,NA-Breakaway.mp3.mp3,2000,-12.973881682399458,-12.432163,12.216894626617432,-12.973881682399458,12.216894626617432,-12.973881682399458,12.216894626617432
247.06031746031744,135.99917763157896,0.18012145,2792.0816902901033,3298.651657506117,6180.62021791372,0.0610681733412433,0.41043854,0.29152274,-133.69122,93.03843,146.12732,32.277763,-25.555243,26.8773,44.353687,19.786274,-10.76397,19.620298,32.275215,14.703303,-16.557043,14.02124,16.534925,10.812666,-5.8998685,8.676981,6.2718034,9.81387,-0.580057,9.077428,1.7100961,9.063988,-0.3456914,8.068676,12,20.58835978835979,7.874870739255396,1,0.0833333333333333,1,0.2987468750600963,NA-Breathe (2007 Remaster).mp3.mp3,2000,-13.684641050524885,-14.088984,15.001808404922484,-13.684641050524885,15.001808404922484,-13.684641050524885,15.001808404922485
235.7754195011338,143.5546875,0.26737732,2620.368239116739,3064.6961349487574,5526.506283582709,0.0565947276684598,0.44826615,0.28353944,-88.06168,86.82278,153.0129,32.537064,-31.522367,18.46852,42.659847,20.817194,-8.325046,20.712015,32.562412,13.669959,-12.187641,11.810445,12.880332,10.088444,-5.397298,10.800139,10.265222,9.673499,-4.939428,9.782524,5.5603666,8.475646,-1.1600381,8.609226,14,16.84110139293813,7.538026561181511,1,0.0714285714285714,1,0.2719539230041146,NA-Here Without You.mp3.mp3,2000,-11.449167178296532,-11.040565,12.468589544296265,-11.449167178296532,12.468589544296265,-11.449167178296532,12.468589544296265
215.52761904761903,132.51201923076923,0.26551363,2351.8641496174378,3018.543854383758,5127.55035359295,0.0394461288883652,0.50349116,0.28689796,-136.14575,83.71688,142.35675,31.672312,-23.031878,24.337234,42.679005,19.82967,-8.467749,20.453709,33.40226,17.139439,-6.520373,14.776181,13.839961,12.764872,0.33282524,12.859798,9.093481,12.019848,7.656234,11.775609,1.4920062,11.344569,3.909756,10.40115,10,21.552761904761905,10.215945148323463,1,0.1,1,0.3321928094887362,NA-Katy Perry - Dark Horse (Audio).mp3.mp3,2010,-12.944237863313836,-10.93587,11.884000301361084,-12.944237863313836,11.884000301361084,-12.944237863313836,11.884000301361084
214.73814058956916,99.38401442307692,0.12010477,3331.5126853297415,3701.5432605717074,7502.367270494878,0.0713071978310672,0.42963797,0.30201668,-158.81691,75.213844,128.42328,27.916988,-29.585028,22.789574,36.939644,21.644073,-19.65722,20.797457,27.579464,16.537582,-27.120003,14.336115,19.229174,12.528108,-11.979016,10.611907,3.4578457,12.151568,-9.35224,10.563657,1.7878811,9.736293,-0.8869811,10.54411,9,23.859793398841017,11.90526982366042,1,0.1111111111111111,1,0.3522138890491458,NA-Marshmello - Happier feat. Bastille (Audio).mp3.mp3,2010,-18.4610087131187,-17.698214,11.416009664535522,-18.4610087131187,11.416009664535522,-18.4610087131187,11.416009664535522
269.6068934240363,120.18531976744184,0.09602423,1974.4872005569844,2422.535861822613,4053.055469910622,0.0434279315966391,0.27603063,0.3052538,-250.7515,71.52677,159.66449,27.864674,-23.924704,30.127024,34.120663,24.384886,-22.048264,23.482008,8.9080715,17.518726,-15.431915,12.515905,-13.876123,12.198012,-8.597375,10.720528,-18.090612,11.799307,-10.633761,10.19661,-13.480363,9.698409,-1.663932,10.783044,14,19.257635244574026,11.448078871114546,2,0.1428571428571428,1,0.4010507031510862,NA-John Legend - All of Me (Audio).mp3.mp3,2010,-19.524095510638713,-19.638014,13.76866340637207,-19.524095510638713,13.76866340637207,-19.524095510638713,13.76866340637207
227.04471655328797,97.50884433962264,0.25726938,2063.497269900932,2668.011069626221,4276.389320819431,0.0387746544955131,0.43786964,0.30048016,-150.70457,89.81479,155.41171,32.282703,1.9063898,40.508533,34.323505,25.878918,-18.536465,19.00655,14.992104,24.672455,-10.157907,14.208208,11.48405,14.484205,-1.710672,12.983166,4.2458606,12.663963,-2.721182,12.272804,1.6408346,11.849716,6.227574,13.719611,12,18.920393046107332,11.315536938907744,1,0.0833333333333333,1,0.2987468750600963,NA-Post Malone - Better Now (beerbongs & bentleys) ｜ Official Audio.mp3.mp3,2010,-13.22578004250159,-10.875512,13.3847975730896,-13.22578004250159,13.3847975730896,-13.22578004250159,13.3847975730896
227.74131519274377,105.46875,0.19329745,2187.109577883775,2784.25620386777,4603.46227920936,0.0464253491471045,0.40754974,0.30612615,-148.10698,67.5633,163.4175,31.795181,-32.857597,24.339266,38.728497,17.592361,4.0408454,17.42723,15.852756,17.71878,2.1976922,14.531293,14.330155,12.633808,-6.2992396,13.902962,13.704215,14.202436,-2.579869,12.413615,3.1396034,11.860258,1.7618454,11.113831,11,20.70375592661307,9.825801662732896,1,0.0909090909090909,1,0.3144937835124816,NA-Adele - Rolling In The Deep.mp3.mp3,2010,-14.539712497357232,-13.796741,13.468260765075684,-14.539712497357232,13.468260765075684,-14.539712497357232,13.468260765075684
292.0838095238095,156.60511363636363,0.19467315,1976.6719937942005,2600.1211899695786,4065.2195163758497,0.038791644515879,0.41342077,0.3204134,-184.98383,114.35766,138.09898,45.819855,-4.542043,30.887856,40.185303,21.380836,3.8483136,22.570234,23.879532,15.54385,-3.213989,13.160243,6.7606425,10.937874,-2.177822,10.339182,3.569503,9.587098,-1.7013901,9.736319,2.32037,10.633278,0.5124749,8.165872,17,17.18140056022409,9.338757839325726,2,0.1176470588235294,1,0.3632309225000399,NA-Ed Sheeran - Thinking Out Loud [Official Audio].mp3.mp3,2010,-13.215319322351965,-12.929468,12.914403676986694,-13.215319322351965,12.914403676986694,-13.215319322351963,12.914403676986694
257.46285714285716,123.046875,0.24420394,2617.3330256421286,3085.8224696091315,5567.600609231975,0.0535838527105785,0.46117753,0.2921139,-105.34492,85.08058,145.18124,32.343105,-28.974005,19.128616,50.179813,18.619297,-10.504002,16.044,23.173714,14.76527,-7.952349,10.858497,15.031235,11.506863,-5.3707204,10.100629,1.7328933,12.714209,-3.8124404,9.232017,4.942571,9.046963,-0.99525094,7.9784966,12,21.455238095238094,11.081133921631013,1,0.0833333333333333,1,0.2987468750600963,OneRepublic - Counting Stars (Lyrics).mp3,2010,-12.50687135108478,-11.436144,13.062188625335692,-12.50687135108478,13.062188625335692,-12.506871351084781,13.062188625335693
159.61396825396827,178.20581896551724,0.22643198,2313.387003151792,2657.558904619388,4613.956661336733,0.0575723333856098,0.38617098,0.30889258,-155.52982,95.603134,151.26936,45.985317,-5.824187,33.476208,35.328278,24.25482,-9.41188,17.28397,7.679668,18.253101,-8.498242,17.569294,6.7439823,12.881942,-3.810909,11.7018175,-0.62904346,11.68373,0.14590266,12.758002,0.88329244,11.289396,-1.3083783,11.3903,12,13.301164021164022,8.983921350371583,1,0.0833333333333333,1,0.2987468750600963,NA-Post Malone - Sunflower [Spider-Man： Into The Spider-Verse] (Audio).mp3.mp3,2010,-12.950549905243186,-11.830722,13.653564453125,-12.950549905243186,13.653564453125,-12.950549905243186,13.653564453125
203.4532426303855,135.99917763157896,0.22713122,2469.180732187967,3009.942823985384,5133.939531138552,0.050561223921184,0.41235137,0.31920022,-174.00778,96.854546,132.09766,39.715565,2.9473176,33.96333,30.921452,26.174889,-8.084292,20.67545,18.657001,17.949059,-13.202404,18.309233,10.866448,15.525689,-6.556729,13.44002,2.3579865,15.140584,1.4597869,14.603437,-3.9558895,12.732864,-3.9266927,12.129914,12,16.95443688586546,7.531298617196852,1,0.0833333333333333,1,0.2987468750600963,NA-Halsey - Without Me (Official Audio).mp3.mp3,2010,-13.153927054029326,-11.507825,13.72775673866272,-13.153927054029326,13.72775673866272,-13.153927054029326,13.72775673866272
221.2861678004535,99.38401442307692,0.24095705,3797.254148793099,3553.9939172186487,7770.503921312661,0.0939035213016762,0.42775452,0.30274093,-88.42792,72.54544,104.99495,36.710674,-46.681137,26.011518,34.92245,26.186886,-27.884457,21.596302,28.98572,21.832645,-17.624104,14.990431,5.208401,17.293556,-10.524542,13.524631,7.44176,14.166081,-5.157078,12.417792,5.2888975,12.122793,4.706865,9.937012,9,24.587351977828167,9.815231321794114,1,0.1111111111111111,1,0.3522138890491458,NA-Trap Queen.mp3.mp3,2010,-11.650922212412995,-11.303035,13.05632710456848,-11.650922212412995,13.05632710456848,-11.650922212412997,13.056327104568481
268.1904761904762,114.84375,0.14528683,3119.49908958609,3167.294592113218,6241.64701296413,0.0787429978004198,0.530845,0.29705182,-150.8459,98.76863,120.06647,34.164257,-38.284714,27.654049,41.596138,24.252842,-13.551517,17.820393,22.32672,15.488407,-1.5115927,11.941903,12.461852,13.357003,-1.4164917,10.975241,6.0632143,10.516889,1.5970027,9.179138,2.4528117,8.994848,6.732754,9.043818,13,20.63003663003663,12.127160685154925,1,0.0769230769230769,1,0.2846492090877763,Mark Ronson - Uptown Funk (Lyrics) ft. Bruno Mars.mp3,2010,-15.770079874452753,-15.06003,15.09242296218872,-15.770079874452753,15.09242296218872,-15.770079874452751,15.09242296218872
314.351746031746,156.60511363636363,0.25615248,3168.1640135223965,3142.101264425385,6484.0381712338885,0.0678926973596133,0.5097453,0.31277397,-140.19041,96.29747,116.54032,52.989635,-13.296056,35.207115,39.11972,35.885674,-11.898337,28.929882,29.643059,24.003412,-4.2149615,18.103275,9.005255,16.112843,-3.0651023,15.371318,7.4609413,13.744083,1.211357,12.844563,5.9220104,13.6219,3.2996492,11.299334,20,15.7175873015873,5.949140439673503,1,0.05,1,0.2160964047443681,NA-Travis Scott - SICKO MODE (Audio).mp3.mp3,2010,-12.26694059351666,-10.502031,13.030393123626707,-12.26694059351666,13.030393123626707,-12.26694059351666,13.030393123626709
260.0402721088435,95.703125,0.22777118,2160.876585275827,2722.0202651764425,4657.838813866551,0.0427258410322447,0.45719334,0.28533334,-139.76411,73.175606,150.52293,28.482042,-15.273089,26.894339,56.428947,21.108961,0.8931234,19.070625,21.341799,16.726845,-5.984655,12.965885,8.32955,11.754633,1.0905099,9.861652,-1.8463836,10.493375,2.487558,9.035718,2.4968905,11.384712,-1.0933775,8.661764,8,32.50503401360544,22.2048410108316,2,0.25,1,0.5,NA-Ed Sheeran - Perfect [Official Audio].mp3.mp3,2010,-13.150189959077986,-12.283677,12.554265260696411,-13.150189959077986,12.554265260696411,-13.150189959077986,12.554265260696411
235.54321995464852,126.04801829268293,0.22632347,2220.1008192218724,2795.2583752885253,4731.5448820212,0.0441777689342131,0.43894586,0.2954631,-151.1117,92.2341,142.36252,34.10895,-5.8256583,34.135273,48.1246,22.434792,0.76601094,22.062054,21.564806,15.865779,-3.4587376,15.154349,8.2352295,13.608309,-3.240797,12.477698,2.448144,10.84596,-1.174937,10.690428,-1.1500157,11.870016,-2.244988,9.492426,11,21.41301999587714,13.762184772373091,1,0.0909090909090909,1,0.3144937835124816,NA-Girls Like You.mp3.mp3,2010,-13.287425431040772,-12.032228,14.852951765060425,-13.287425431040772,14.852951765060425,-13.287425431040772,14.852951765060425
245.55102040816325,95.703125,0.22272035,3731.169352295679,3754.6231424014986,8170.499097726614,0.0885794960935653,0.42046466,0.29705495,-108.35594,110.86573,117.02482,41.21993,-11.988233,34.0961,44.769264,24.083153,-25.559036,19.937567,30.664257,16.73353,-22.130045,14.927322,14.773761,14.55747,-12.272982,11.224093,5.3479166,11.329016,-5.8884687,10.190438,-2.4493096,9.640831,-0.6521438,9.216762,13,18.888540031397177,8.569044752372886,2,0.1538461538461538,1,0.4154522643293988,NA-The Chainsmokers - Closer (feat. Halsey) [Official Audio].mp3.mp3,2010,-12.287351496556376,-11.928192,13.127508163452148,-12.287351496556376,13.127508163452148,-12.287351496556377,13.127508163452148
245.01696145124717,129.19921875,0.09265389,1657.0893908889193,2344.608694863253,3269.5340193563434,0.0335617531760838,0.39124727,0.30682665,-271.8345,97.19727,157.73999,33.38098,7.3959355,30.058397,52.97986,19.825918,7.07289,22.26559,9.603959,14.008896,1.6591616,10.8636875,5.9706416,10.11248,-0.6945648,10.123751,-0.9504153,10.010597,-3.9633315,10.353628,-0.2082537,9.351928,-2.2098548,8.101644,13,18.847458573172855,8.983301479157367,1,0.0769230769230769,1,0.2846492090877763,NA-Gotye - Somebody That I Used to Know (2015 Remaster).mp3.mp3,2010,-20.028356893143823,-19.47891,15.721484422683716,-20.028356893143823,15.721484422683716,-20.028356893143826,15.721484422683716
186.084716553288,135.99917763157896,0.3219141,2028.4660291076036,2460.357645289854,4040.7003943535938,0.0456410609773691,0.43565544,0.29500437,-87.06183,80.65958,168.02951,27.912006,-38.69354,20.721535,34.624313,19.664839,-5.2636037,17.682161,15.050029,14.363561,-7.734041,9.432619,5.1169643,10.815321,0.07137064,8.678219,4.6599164,9.541438,-3.2473469,8.353078,1.6592463,9.290932,1.162651,8.459212,8,23.260589569161,10.0966877192741,1,0.125,1,0.375,Imagine Dragons - Radioactive (Lyric Video).mp3,2010,-9.47595481371688,-8.93783,12.614223957061768,-9.47595481371688,12.614223957061768,-9.47595481371688,12.614223957061768
264.428843537415,129.19921875,0.12795274,3933.263268004059,4101.766327655644,8774.955643731204,0.0800685424509922,0.52122486,0.30514067,-158.0221,96.29887,111.43785,33.090878,-21.83127,25.432274,51.995758,23.964334,-24.540005,19.379364,37.188168,16.2651,-20.303251,14.826655,22.973192,13.884946,-14.405719,12.2922325,15.965391,11.33662,-7.231832,10.136996,12.320205,9.916232,1.2856373,9.070421,13,20.340680272108845,10.208544196475897,1,0.0769230769230769,1,0.2846492090877763,"LMFAO - Party Rock Anthem (Audio) ft. Lauren Bennett, GoonRock.mp3",2010,-18.584305324327836,-17.355316,14.837172031402588,-18.584305324327836,14.837172031402588,-18.584305324327836,14.837172031402588
163.2130612244898,79.50721153846153,0.13429217,2277.270332888919,2953.889275515994,4714.517078417295,0.0489988966698378,0.43661797,0.30126044,-191.40665,111.88983,149.13492,42.407703,-9.783197,21.485287,27.12349,19.155437,-6.136695,20.828606,14.471553,14.312017,-10.132503,13.211061,11.269753,10.773889,-4.220241,9.250034,2.0085557,9.21871,-0.4035251,8.719663,1.6123194,8.126662,-0.67756695,7.229974,7,23.316151603498543,14.622095938023332,2,0.2857142857142857,1,0.5163871205878868,NA-The Lumineers - Ho Hey.mp3.mp3,2010,-15.305469466803578,-15.622364,16.057299375534058,-15.305469466803578,16.057299375534058,-15.305469466803578,16.057299375534058
231.50294784580495,129.19921875,0.28092667,2361.9651444827286,2902.5571032471894,4977.55739783925,0.047016090043754,0.3939741,0.3018243,-111.91921,83.50639,148.57347,33.083187,-19.447266,26.305008,42.328426,20.061901,-7.5370083,21.21921,25.484762,15.314302,-12.351103,12.779865,1.2439388,14.591448,-8.276975,11.687903,-3.5219471,11.447864,-8.183221,9.93275,-1.900029,11.1842985,1.1578256,8.865515,12,19.29191232048375,8.786177574483165,1,0.0833333333333333,1,0.2987468750600963,Ed Sheeran - Shape of You (Lyrics).mp3,2010,-11.032318730284327,-10.234189,11.166541576385498,-11.032318730284327,11.166541576385498,-11.032318730284329,11.166541576385498
271.90566893424034,101.33272058823528,0.1763746,2976.102826699438,3220.7992919094536,6214.412915442472,0.0691309390143994,0.48097095,0.28345048,-126.48344,90.46197,133.86032,36.22219,-25.49655,25.857359,48.921864,19.474012,-8.512051,17.544563,21.16009,14.942375,-14.48246,12.563887,5.8021655,12.974717,-10.555063,11.465382,1.1508335,11.855607,-2.8051114,9.759911,-0.19039062,9.274176,-4.69657,7.8414364,13,20.91582068724926,9.25521139113186,1,0.0769230769230769,1,0.2846492090877763,NA-Andy Gibb   Shadow Dancing.mp3.mp3,1970,-14.041166298626583,-14.016706,17.75313377380371,-14.041166298626583,17.75313377380371,-14.041166298626585,17.75313377380371
256.9055782312925,156.60511363636363,0.13183115,3059.795250356697,3422.6816169016415,6768.805591114883,0.0665444444719033,0.44710353,0.2898444,-173.29778,104.94768,127.19532,33.795177,-15.503886,35.213707,41.495735,21.710032,-13.290052,20.79326,28.620804,16.064459,-8.865275,13.8915205,10.414813,12.868807,-2.938789,12.257684,5.817363,10.00189,-0.25926277,8.624808,0.6385476,8.132389,5.6109776,8.13952,14,18.35039844509232,9.772292778485063,1,0.0714285714285714,1,0.2719539230041146,NA-Player - Player Baby Come Back (HQ).mp3.mp3,1970,-15.899155300830191,-16.134047,16.660807132720947,-15.899155300830191,16.660807132720947,-15.899155300830193,16.660807132720947
184.48253968253968,114.84375,0.07732793,1573.685271659111,1995.8541744321813,2822.3035850186425,0.0387376858854855,0.28591973,0.31346217,-272.3747,62.392403,163.89018,30.009155,-5.657298,25.431892,10.743119,16.478577,6.3018217,17.256535,6.37471,12.236003,0.18869564,10.25393,6.342341,10.816092,1.7108655,9.924334,-6.8970137,9.576601,-2.7247245,9.933866,-3.4731407,9.310154,-6.7517805,9.224549,10,18.44825396825397,12.756296887523815,2,0.2,1,0.4643856189774724,NA-Evergreen.mp3.mp3,1970,-20.636098511825587,-20.989637,18.47247838973999,-20.636098511825587,18.47247838973999,-20.636098511825587,18.47247838973999
213.01986394557824,135.99917763157896,0.12976426,2420.814798623762,2836.8115114261495,4925.834341172374,0.0553435090127527,0.45419696,0.29326323,-170.56743,88.192215,148.64763,35.457813,-34.223305,21.53511,44.670334,19.108025,-1.9493897,16.427277,20.679352,12.527807,-8.355225,10.2332325,9.07738,10.315312,-2.0160453,9.218328,2.641208,7.926813,-3.2579112,7.484612,-3.267646,7.9831705,-1.6947217,7.803138,13,16.386143380429097,6.089470418889829,1,0.0769230769230769,1,0.2846492090877763,NA-I Like Dreamin'.mp3.mp3,1970,-16.785886985772606,-16.913956,15.559357404708862,-16.785886985772606,15.559357404708862,-16.785886985772606,15.559357404708862
208.10666666666663,82.72058823529412,0.11027691,1975.623681050629,2925.1704206656555,3742.047755112501,0.0378416091803982,0.47599074,0.29146415,-232.37056,102.4027,169.57715,36.33842,-1.9819249,29.015558,29.244843,18.539938,8.011935,20.519299,19.615461,15.374031,-8.990305,15.069286,10.4618,11.829571,-4.6446,10.693228,0.87877834,9.534083,-3.6075323,10.078519,6.2094502,9.499469,-3.6598678,9.523356,9,23.12296296296296,14.323721154788556,2,0.2222222222222222,1,0.4822055558760694,Why Me.mp3,1970,-18.114080138461045,-18.049519,17.9899001121521,-18.114080138461045,17.9899001121521,-18.114080138461045,17.9899001121521
211.7659863945578,109.9567819148936,0.1686714,1782.519955743824,2240.6493723017547,3447.5117411283304,0.0407250814614056,0.46883386,0.3006183,-172.0516,80.12557,167.53563,35.36997,-19.048622,28.558754,26.384499,21.324383,6.133492,18.814615,10.895658,14.396661,-1.0589916,12.440181,10.260374,10.40836,5.6187925,9.195683,0.8237397,8.252092,3.5026696,7.7206044,1.0217886,7.3798065,0.49433753,7.2051744,10,21.176598639455783,9.065945758997104,1,0.1,1,0.3321928094887362,NA-Nick Gilder - Hot Child In The City (1978).mp3.mp3,1970,-14.980511690549262,-14.345093,15.77402949333191,-14.980511690549262,15.77402949333191,-14.980511690549262,15.77402949333191
242.04480725623583,103.359375,0.12341184,3486.5769482396477,3671.118386037155,7606.522153153329,0.0764994255569811,0.53199625,0.27021044,-143.18839,61.723045,126.66515,27.136345,-26.296045,21.75609,51.31844,19.371986,-13.872895,15.307907,29.921135,13.121564,-16.69325,12.589613,21.556036,11.117255,-7.2570434,9.804179,8.554611,9.659884,-0.432391,8.131948,4.201961,7.7001715,1.2958823,6.3291698,12,20.17040060468632,9.296517720408533,1,0.0833333333333333,1,0.2987468750600963,NA-Bee Gees - Staying Alive (Audio).mp3.mp3,1970,-17.859480220172056,-17.339222,15.655832290649414,-17.859480220172056,15.655832290649414,-17.859480220172056,15.655832290649414
251.58820861678004,71.77734375,0.103114486,1963.5569908056725,2455.3101694213547,3939.2735079786926,0.0475057257178372,0.42057374,0.29086074,-221.78436,90.76054,162.37393,36.090965,-14.06981,35.26838,28.463892,22.776228,-3.268933,19.952028,12.582483,17.843544,-9.460851,13.238862,1.1400453,12.757037,-1.3656421,10.591592,-6.550157,11.8411875,-1.311935,10.417572,-1.7546682,10.834116,-5.329786,9.210508,10,25.158820861678,15.003832926201316,2,0.2,1,0.4643856189774724,NA-Sad Eyes.mp3.mp3,1970,-18.425486602991548,-18.413528,18.208664655685425,-18.425486602991548,18.208664655685425,-18.425486602991548,18.208664655685425
210.25668934240363,120.18531976744184,0.056794394,3481.1268347406144,3673.90815482891,7437.119646942811,0.0866387151196096,0.48837867,0.28774023,-231.2725,69.8213,118.327484,34.14317,-27.315676,22.91689,41.53096,20.144972,-3.5985372,17.588413,28.289782,13.638058,-16.285728,12.454827,11.778943,11.363035,-7.759763,11.021256,10.567412,9.641187,-5.0489144,9.284924,-0.65551734,8.223589,-4.933087,7.3519416,12,17.521390778533636,10.69065834154473,2,0.1666666666666666,1,0.430827083453526,NA-Le Freak.mp3.mp3,1970,-23.545606738970395,-23.166674,20.675766468048096,-23.545606738970395,20.675766468048096,-23.545606738970395,20.675766468048096
232.29242630385488,139.6748310810811,0.13624664,1828.4385344041016,2536.0311547178085,3577.1106834932093,0.0382365045104702,0.42060214,0.29529008,-198.13554,83.19774,169.69191,35.44459,-14.35448,22.313324,25.96659,21.46401,-0.3638515,19.420015,21.784603,13.68865,-2.9627817,11.496046,2.228073,11.722952,0.86674803,12.182179,-1.27805,11.962298,-1.9794058,9.16107,5.248807,9.967975,-3.583964,9.047919,15,15.486161753590324,6.032825249853059,1,0.0666666666666666,1,0.2604593730405679,I Go Crazy.mp3,1970,-16.603752810362987,-16.348314,16.210306882858276,-16.603752810362987,16.210306882858276,-16.603752810362987,16.210306882858276
181.9747845804989,109.9567819148936,0.19899568,2612.296213986035,2808.812165141405,5179.009410511364,0.0675631416965709,0.3967484,0.30159515,-121.71845,75.37339,145.7421,35.468163,-41.567055,22.088602,29.639147,18.677736,2.6118686,18.671621,14.541222,14.572508,-7.713342,12.3912945,9.062672,11.436038,-6.429929,9.539759,3.6371872,8.6594515,-3.823792,8.93969,-1.8814312,8.504428,-0.24085328,7.7288594,10,18.197478458049886,11.70928716562356,2,0.2,1,0.4643856189774724,NA-Walter Murphy - A Fifth of Beethoven.mp3.mp3,1970,-12.84076494940687,-12.816929,13.872514963150024,-12.84076494940687,13.872514963150024,-12.84076494940687,13.872514963150024
239.4441723356009,105.46875,0.23587994,2284.6674505332317,2903.869493330211,4703.674261363636,0.0469652698863636,0.44937423,0.2828293,-110.456215,73.844826,159.09647,26.012115,-25.828102,28.020979,35.25653,18.41389,-1.7311616,18.053827,28.67615,12.923455,-20.920288,14.241109,13.199973,11.5911045,1.0554081,11.484456,-0.5419848,10.398652,-0.7445658,8.887435,9.9167,9.737651,-2.8949342,7.688866,14,17.103155166828635,7.833165941324407,1,0.0714285714285714,1,0.2719539230041146,Bee Gees - How Deep Is Your Love (Official Video).mp3,1970,-12.361944058089373,-12.108751,13.533529043197632,-12.361944058089373,13.533529043197632,-12.361944058089371,13.533529043197632
223.956462585034,97.50884433962264,0.1081004,3132.1384720113506,3650.25434280946,6955.866441928879,0.0688236357789902,0.4149073,0.28976503,-172.02492,79.69485,136.41826,28.359087,-15.621519,21.995062,46.916355,17.577429,-17.722624,15.739289,31.328875,12.498918,-16.480865,13.398284,19.96106,12.105299,-11.157945,10.577488,8.3905525,9.722516,-2.8712208,9.166996,6.8811216,8.340576,-2.0017889,7.8772535,10,22.3956462585034,16.34028728370603,2,0.2,1,0.4643856189774724,Andy Gibb - I Just Want to Be Your Everything.mp3,1970,-18.649651702019906,-18.571539,17.571979761123657,-18.649651702019906,17.571979761123657,-18.649651702019902,17.571979761123657
409.04272108843537,143.5546875,0.17724223,3181.581485416102,3290.479054680513,6501.610661524707,0.0783347920007521,0.49135566,0.29132578,-103.51435,68.76836,135.63042,30.334715,-43.53852,18.61337,45.869244,18.915876,-12.644429,17.826443,28.34742,14.752198,-7.7390304,12.230394,12.641753,12.328272,-8.93903,10.882905,10.667047,10.83258,-6.557831,8.846995,2.9448845,9.023716,-1.6670794,7.6257215,23,17.7844661342798,7.841387886695744,1,0.0434782608695652,1,0.1966766067850875,NA-The Miracles - Love Machine.mp3.mp3,1970,-14.264366868040725,-14.314514,15.677096843719482,-14.264366868040725,15.677096843719482,-14.264366868040725,15.677096843719482
288.39183673469387,126.04801829268293,0.08847897,3644.938308938182,3638.463848896206,7656.083951745603,0.0969090957552534,0.48276234,0.28267732,-162.19441,81.00048,122.41066,28.552198,-45.37249,20.740343,33.873386,15.038137,-16.718693,15.79933,31.165863,12.800293,-18.843935,12.0399,14.070699,10.243336,-11.507605,11.025206,9.802077,8.057997,-7.1588583,8.78146,3.6453085,6.925131,1.358698,7.3400464,12,24.03265306122449,11.769417551590546,1,0.0833333333333333,1,0.2987468750600963,NA-Y.M.C.A. (Single Version).mp3.mp3,1970,-19.45560810190403,-19.510576,18.895195722579956,-19.45560810190403,18.895195722579956,-19.45560810190403,18.895195722579956
230.0865306122449,97.50884433962264,0.067191385,3172.6430959340555,3380.7160296589286,6704.305589116662,0.0757699711687648,0.42045802,0.293073,-220.12128,93.19002,129.16853,35.213295,-35.807995,24.186678,36.77316,17.326355,-12.44977,21.573755,20.174961,15.624669,-9.044483,14.638714,14.681925,13.4245205,-9.646654,12.785663,11.49812,11.248299,-2.1301095,8.935587,0.7420137,9.575958,-0.81507915,8.136855,12,19.173877551020407,9.391364767484385,2,0.1666666666666666,1,0.430827083453526,NA-Love Is Alive.mp3.mp3,1970,-21.904821350802305,-22.119036,20.90371370315552,-21.904821350802305,20.90371370315552,-21.904821350802305,20.903713703155518
225.04780045351475,161.4990234375,0.20186813,2482.2959874715702,3039.9739977445797,5118.302975178134,0.0528465398907015,0.36265832,0.30123442,-154.32787,102.88154,150.3355,37.785618,-11.500994,27.61839,40.121304,20.221132,-12.915313,16.798666,11.991694,13.622977,-13.7318735,14.804631,9.555666,11.359527,-5.0038795,10.821193,1.8002515,10.544556,-4.177997,11.150463,5.215115,10.5416565,-5.54489,9.37383,15,15.003186696900984,6.09222386667997,1,0.0666666666666666,1,0.2604593730405679,NA-Morris Albert - Feelings (1975).mp3.mp3,1970,-12.348637667556114,-12.738762,13.69869351387024,-12.348637667556114,13.69869351387024,-12.348637667556114,13.69869351387024
255.73297916666667,193.9655172413793,0.117334425,3631.162953413053,4053.6743445061775,8011.460505735141,0.0698440147614702,0.4760969,0.28690138,-168.18532,92.40876,123.21745,35.957542,-10.449501,25.219255,44.933994,19.42202,-8.407068,16.198341,29.515985,12.742381,-13.234718,11.78285,14.02615,11.681067,-6.570966,10.530744,5.8024855,9.785015,-1.8094666,9.312696,6.7710915,9.213656,1.0138634,8.220948,12,21.311084656084656,11.50681744390778,2,0.1666666666666666,1,0.430827083453526,Andy Gibb - Love Is ( Thicker than Water ).mp3,1970,-17.159204139428272,-17.260073,18.63602638244629,-17.159204139428272,18.63602638244629,-17.159204139428272,18.63602638244629
216.2938775510204,77.1338619402985,0.12089736,2121.199202080008,2666.4833458707312,4070.393729075533,0.0498782009403011,0.33442864,0.30009174,-193.70955,68.8513,164.08644,24.47304,-24.080359,29.19778,39.26959,18.315191,-3.829632,15.550527,15.6548395,10.708229,-14.267923,12.429161,11.914322,11.142849,-2.3226228,8.998526,-10.2600765,11.646652,1.2152271,9.466024,1.034182,8.469014,-8.163845,9.113553,7,30.899125364431487,20.94607125382356,2,0.2857142857142857,1,0.5163871205878868,NA-You Light Up My Life.mp3.mp3,1970,-17.23437270766359,-17.613867,17.009273767471313,-17.23437270766359,17.009273767471313,-17.23437270766359,17.009273767471313
187.9887528344671,126.04801829268293,0.14641432,2469.882438010176,2746.9325434571233,4772.4229707908125,0.06286703262984,0.44794714,0.2884058,-162.96501,87.81485,155.37749,38.705685,-34.41884,28.582424,39.107258,20.393085,7.328802,15.250933,16.472033,13.902393,-3.850337,14.451065,16.269196,12.134851,-5.9490232,11.491615,4.9904413,13.470627,0.39915788,10.916938,0.06063408,9.461418,-5.4947214,7.8604536,10,18.798875283446712,10.017849487035498,1,0.1,1,0.3321928094887362,NA-I Love The Nightlife (Disco 'Round).mp3.mp3,1970,-15.627684504061982,-15.940168,15.106264352798462,-15.627684504061982,15.106264352798462,-15.627684504061982,15.106264352798462
261.59600907029477,166.70866935483872,0.12049803,2822.8825605333286,3328.1034799295803,6323.319274959226,0.0563654860024741,0.42850703,0.30150694,-171.5397,82.114006,131.74953,33.579266,-15.987951,20.566858,48.811428,19.49874,-5.931309,17.69168,27.894934,12.9611845,-11.073823,12.183071,10.156198,10.562236,-3.3971539,9.201673,5.754261,8.835153,0.5203159,7.7081003,2.0971026,8.30889,3.6472185,6.7722898,17,15.388000533546752,7.670072045515787,1,0.0588235294117647,1,0.2404389906617846,Savage Garden - Truly Madly Deeply.mp3,1990,-18.14908062490369,-17.61676,16.505030393600464,-18.14908062490369,16.505030393600464,-18.14908062490369,16.505030393600464
279.38249433106574,99.38401442307692,0.088226326,3735.361329251596,3868.559859205954,8261.816245958213,0.0793968646114689,0.46479413,0.31214398,-215.4611,80.998184,107.42117,33.098366,-7.4183955,27.644598,54.352795,21.329067,-17.82504,21.454027,30.861593,17.700098,-14.771771,15.131389,11.391037,15.85511,-9.297211,12.933081,3.3175852,13.82943,-5.4751,11.154243,3.1792367,10.945862,1.0314751,9.921063,12,23.281874527588812,11.182738087283289,1,0.0833333333333333,1,0.2987468750600963,Next - Too Close (Official Music Video).mp3,1990,-20.68577842028783,-19.5664,18.29295516014099,-20.68577842028783,18.29295516014099,-20.68577842028783,18.29295516014099
222.14530612244897,103.359375,0.12424876,1657.1206039048946,1991.2112952465611,3283.0341850462178,0.0378380074960804,0.4336051,0.30105582,-211.5063,77.67547,186.02847,28.923128,-41.15955,33.70085,40.760704,22.47328,2.9595761,18.897406,3.5376976,14.149766,1.9516248,12.450225,-5.049706,11.178857,8.7229595,8.721357,-3.3840408,9.128769,2.716317,10.24235,4.477575,9.517456,2.3562946,8.759547,11,20.195027829313545,11.57856717102025,2,0.1818181818181818,1,0.4471693852067813,Los Del Rio - Macarena (Bayside Boys Remix).mp3,1990,-17.909500099517565,-17.396963,15.756789445877075,-17.909500099517565,15.756789445877075,-17.909500099517565,15.756789445877075
194.88507936507935,93.9630681818182,0.2067815,3286.1871316261563,3518.3718787440757,7165.00113322437,0.0799070360435158,0.44704738,0.28469938,-87.20055,87.04012,132.72221,27.646156,-35.20445,17.597605,51.862366,16.48078,-14.738919,15.187925,35.028954,13.267876,-19.338583,11.443336,17.31006,9.296398,-3.0482469,8.322572,8.757548,8.4455185,-0.5071677,7.813212,2.8582923,7.009423,-1.9282532,6.4594927,10,19.488507936507936,11.433002260175453,2,0.2,1,0.4643856189774724,NA-This Kiss.mp3.mp3,1990,-12.917624881012324,-13.13975,13.615877628326416,-12.917624881012324,13.615877628326416,-12.917624881012324,13.615877628326416
247.22285714285715,123.046875,0.16671203,2422.162723267014,3198.700053034314,5366.933726740432,0.04066870340749,0.48940584,0.30032983,-187.62862,95.19868,138.54381,35.87023,2.5242145,22.725103,51.251583,22.183903,-2.1833572,17.936676,26.460537,17.26605,-10.717085,15.513145,7.987428,14.624644,-0.26853803,10.775537,3.4375165,12.27763,0.52597857,9.591112,7.6793017,9.136882,2.396164,8.0151825,12,20.601904761904763,11.059392143439304,2,0.1666666666666666,1,0.430827083453526,NA-Missing.mp3.mp3,1990,-15.512053611436146,-14.565136,13.938632011413574,-15.512053611436146,13.938632011413574,-15.512053611436146,13.938632011413574
248.68571428571428,123.046875,0.20078462,3520.358135486798,3776.1784483637102,7630.350489790247,0.0673058126371317,0.584261,0.27967644,-157.93182,95.50374,98.70188,33.140675,-10.060657,25.573639,64.8903,22.423798,-5.815593,17.938763,31.720032,13.412079,-4.5697618,16.999035,24.153393,12.145031,-1.1338472,12.299159,9.08869,11.928172,2.7747233,10.560054,10.451399,8.814418,-2.9089875,10.723696,10,24.86857142857143,10.771701673469266,1,0.1,1,0.3321928094887362,NA-Together Again.mp3.mp3,1990,-14.262703732173389,-12.655047,14.405323266983032,-14.262703732173389,14.405323266983032,-14.262703732173387,14.405323266983032
306.61950113378686,178.20581896551724,0.17771783,2705.5080846335873,3545.262769718867,6503.111320877783,0.045918145493355,0.46538705,0.29080468,-171.9386,76.53587,139.826,28.905079,12.264946,27.316542,61.63169,20.777534,-20.495903,19.611614,35.67495,14.942652,-15.362548,15.704237,15.988115,12.914546,-2.8319025,12.271151,2.157548,13.44745,-4.186705,10.715443,3.5603368,10.80794,0.21347074,8.692434,14,21.901392938127632,12.35693152651974,2,0.1428571428571428,1,0.4010507031510862,NA-The Tony Rich Project - Nobody Knows.mp3.mp3,1990,-15.78367632114388,-14.562321,14.728704690933228,-15.78367632114388,14.728704690933228,-15.78367632114388,14.728704690933228
235.54321995464852,132.51201923076923,0.1031777,1701.4903822325853,2349.2474510478596,3202.1408782737876,0.037230428511139,0.37056288,0.31405792,-260.2351,89.73599,169.94664,33.145317,-2.8461678,33.954304,31.973501,26.954487,2.5767725,19.345356,15.358305,14.248495,-6.490606,14.0161915,8.337701,14.378449,-3.3948658,12.421614,-6.474539,12.938617,1.3843793,12.877714,-1.774221,13.316721,-9.85743,10.394143,11,21.41301999587714,8.756723844673797,1,0.0909090909090909,1,0.3144937835124816,Jewel - Foolish Games (Official HD Music Video).mp3,1990,-18.469139494748088,-18.712555,16.344680786132812,-18.469139494748088,16.344680786132812,-18.469139494748088,16.344680786132812
195.001179138322,132.51201923076923,0.20382011,2900.139410018255,3395.9354353613735,6212.329742546102,0.0587823241780526,0.35375535,0.31019765,-118.30332,84.43754,133.07875,30.122345,-27.918919,18.02337,40.136738,15.409006,-11.708768,18.893497,22.856417,12.85881,-12.387907,14.815886,13.7814455,11.827696,-10.97432,10.316939,4.034241,11.7104645,-5.0545197,10.561824,7.170229,10.5634575,-5.4148784,8.11819,9,21.666797682035774,10.99989073847,1,0.1111111111111111,1,0.3522138890491458,NA-You're Still The One (Remixed⧸Remastered 2004).mp3.mp3,1990,-12.890665701142307,-12.937063,14.03687596321106,-12.890665701142307,14.03687596321106,-12.890665701142307,14.03687596321106
253.70122448979592,151.99908088235293,0.12080098,2754.7901047351306,3181.305155272246,5761.348270260376,0.063397263998364,0.44832274,0.29092705,-165.5409,83.91849,144.21167,31.25533,-29.142254,20.429039,42.533867,16.349455,-5.0634885,16.26783,27.402983,13.072527,-7.705046,11.3506975,16.101126,11.406384,-2.2503197,12.442099,9.737051,10.086221,-2.9596615,10.095397,5.402198,9.215686,0.18443762,8.287588,9,28.189024943310656,12.512910661583993,1,0.1111111111111111,1,0.3522138890491458,NA-Run-Around.mp3.mp3,1990,-18.02203277931024,-17.559284,16.007288694381714,-18.02203277931024,16.007288694381714,-18.02203277931024,16.007288694381714
269.0031746031746,109.9567819148936,0.14905548,2875.575728114633,3566.1759656113804,6749.847421328789,0.0533039767516507,0.4324664,0.3000524,-175.36194,78.937004,126.93385,28.291388,-3.132223,26.554932,60.31765,17.10724,-10.2168455,17.78435,33.56107,13.53922,-6.5302944,13.1457615,16.720211,13.045888,-1.2730979,11.582395,3.075884,12.073701,-3.3910542,9.698447,7.437822,11.523085,-2.1243472,8.396468,13,20.692551892551897,13.103753653025027,2,0.1538461538461538,1,0.4154522643293988,NA-Toni Braxton - Un-Break My Heart (Audio).mp3.mp3,1990,-16.64312941936462,-15.795217,16.228665113449097,-16.64312941936462,16.228665113449097,-16.64312941936462,16.228665113449097
219.19637188208617,109.9567819148936,0.16058993,4296.295098121542,4176.893335299085,9210.748088976685,0.1007675074727901,0.465398,0.30796045,-146.16914,86.8269,96.251274,37.556915,-8.747254,25.087868,47.427525,23.575676,-13.006584,19.823465,33.054638,15.565291,-15.942278,14.586901,15.764793,15.118689,-10.64627,13.263799,7.7014766,13.158695,-12.698005,10.969173,4.7669992,11.0639515,-1.3826143,9.089289,14,15.6568837058633,8.285101772632354,1,0.0714285714285714,1,0.2719539230041146,NA-Usher - You make me wanna.mp3.mp3,1990,-14.971821990163182,-14.277101,15.000572204589844,-14.971821990163182,15.000572204589844,-14.971821990163182,15.000572204589844
236.9364172335601,126.04801829268293,0.19164307,3918.768330611779,3959.9529677445594,8740.775453499375,0.0849192365730192,0.5169221,0.28416726,-108.06321,69.8483,113.96624,24.754372,-21.998503,19.589058,64.05253,19.980303,-20.56859,17.037388,37.322365,16.445578,-19.603275,13.884658,23.37401,15.367083,-9.062397,12.188267,6.760412,11.101931,-6.143189,8.792147,3.022375,9.848476,-1.3167316,9.101107,12,19.744701436130008,9.08664665588826,1,0.0833333333333333,1,0.2987468750600963,NA-Another Night.mp3.mp3,1990,-14.07757574866232,-13.602125,14.302417039871216,-14.07757574866232,14.302417039871216,-14.077575748662321,14.302417039871216
254.49070294784585,161.4990234375,0.08104119,2313.2230911293345,2746.2452274909283,5055.393152274788,0.0480582929539596,0.52771705,0.27769986,-229.03767,100.67663,152.50726,33.795002,-34.49809,26.47517,47.01933,20.47767,-6.324214,19.16527,27.89753,15.998033,-6.3396616,11.634559,9.134383,10.214918,6.712144,7.7020044,-0.34717128,6.9920387,11.6856785,8.291022,-3.9482756,8.935454,12.8614645,9.018614,16,15.905668934240364,10.023398464825842,1,0.0625,1,0.25,NA-Third Eye Blind - How's It Going To Be.mp3.mp3,1990,-21.59226127286372,-21.079313,15.867393016815186,-21.59226127286372,15.867393016815186,-21.59226127286372,15.867393016815186
268.67809523809524,101.33272058823528,0.23333456,3405.8853444060724,3596.5128438066727,7422.053064523425,0.0775057185217992,0.50678825,0.27851355,-71.291214,72.071884,126.9507,27.213818,-35.864338,20.705582,52.802895,13.9297905,-11.4042635,13.72778,33.6732,12.25474,-15.750471,10.3806,20.142147,10.788679,-7.320302,9.955068,9.472266,8.954379,-0.42479646,9.104685,2.7986557,7.710313,5.2333593,7.242736,14,19.191292517006804,11.427840174054015,2,0.1428571428571428,1,0.4010507031510862,NA-Third Eye Blind - Semi-Charmed Life (2006 Remastered Version).mp3.mp3,1990,-12.441333116375793,-12.108573,13.073897361755373,-12.441333116375793,13.073897361755373,-12.441333116375793,13.073897361755371
270.34993197278914,129.19921875,0.037234746,2829.051666675257,3455.536662529475,6322.485763583222,0.0592570090071713,0.40190014,0.31382754,-304.26215,105.27475,124.1439,30.6268,-15.261662,24.392178,46.534573,16.379087,-2.522568,19.66959,27.863165,11.47797,-13.338754,14.571741,20.956486,12.745799,-1.5296823,10.379287,4.177625,11.9711,4.6116877,10.705279,7.2102327,10.362033,-4.27296,9.6179,15,18.023328798185943,8.956773378532068,2,0.1333333333333333,1,0.3875854127478025,LeAnn Rimes - How Do I Live (Official Music Video).mp3,1990,-27.140918725091847,-27.371447,17.367677688598633,-27.140918725091847,17.367677688598633,-27.140918725091847,17.367677688598633
253.2368253968254,93.9630681818182,0.15255404,2862.07932051942,3261.2774283980098,6238.054334535312,0.0601910002779305,0.44609886,0.28693625,-129.93095,68.348755,139.87108,24.43803,-34.52365,16.562492,50.880623,16.372974,-15.585426,14.493403,27.658405,12.787552,-8.847957,10.018867,11.207009,11.051559,-8.900122,10.565812,7.901286,9.20846,-0.7927541,8.805673,0.4789688,8.471478,-0.1936211,7.603693,15,16.882455026455023,8.189641978158255,1,0.0666666666666666,1,0.2604593730405679,NA-Duncan Sheik - Barely Breathing (Album Version) HQ.mp3.mp3,1990,-15.861465856009945,-15.639183,15.108145475387571,-15.861465856009945,15.108145475387571,-15.861465856009945,15.108145475387573
225.25678004535143,129.19921875,0.22915816,2931.68058482078,3447.3451796559225,6549.6927902378175,0.041424006596918,0.5777591,0.28828174,-154.81825,79.45341,108.27333,32.09373,-30.663492,26.671356,46.96143,20.54947,-11.284757,17.013836,34.45445,17.375347,-0.31207946,14.577418,17.583296,12.522791,1.6258082,11.286458,15.628938,10.199883,7.464485,12.835755,15.895338,10.521408,13.592682,10.461919,15,15.017118669690095,7.044024805720032,2,0.1333333333333333,1,0.3875854127478025,NA-Whoomp! There It Is (Radio Edit).mp3.mp3,1990,-14.5892281385854,-12.1454315,12.167389392852783,-14.5892281385854,12.167389392852783,-14.589228138585401,12.167389392852783
234.7073015873016,99.38401442307692,0.18599455,3776.907969825167,3898.707995708668,8353.673919709434,0.0789062210175842,0.4746303,0.30393848,-125.92834,89.54016,108.81488,32.057953,-14.016027,23.206537,57.077694,24.694006,-20.385681,17.995165,35.38041,17.822983,-15.485987,13.244766,16.389172,17.006079,-9.760883,11.834033,6.7883887,12.566879,-5.227868,10.505907,6.3077617,9.991131,-1.305053,8.276029,9,26.078589065255738,12.54556022924794,1,0.1111111111111111,1,0.3522138890491458,NA-Backstreet Boys - Quit Playing Games With My Heart ｜ 1996 ｜ HQ AUDIO.mp3.mp3,1990,-14.1096030393219,-13.552848,14.875996112823486,-14.1096030393219,14.875996112823486,-14.1096030393219,14.875996112823486
325.0097052154195,178.20581896551724,0.20341185,1854.178096894778,2342.4510293076646,3922.067385777594,0.0371894325437578,0.41375744,0.30821437,-162.54483,97.41823,163.31926,41.758976,-25.235683,26.37017,43.418144,20.87376,-9.1468115,14.46947,16.563639,11.342365,-3.126841,10.199367,-2.3295019,10.0099,10.525796,9.387046,-9.790272,10.997032,9.392152,8.597855,0.18318011,9.794134,1.2097031,10.08976,17,19.118217953848205,11.276404221823348,2,0.1176470588235294,1,0.3632309225000399,NA-Paula Cole - I Don't Want To Wait.mp3.mp3,1990,-13.094876560207766,-12.875567,13.126729726791382,-13.094876560207766,13.126729726791382,-13.094876560207766,13.126729726791382
