date,tempo,loudness,key,mode,count
1958-08-04,108.974,-12.808,4.0,1.0,1
1983-12-03,86.693,-5.03,7.0,1.0,1
1983-12-10,86.693,-5.03,7.0,1.0,1
1984-01-07,85.207,-14.361,9.0,0.0,1
1984-01-14,85.207,-14.361,9.0,0.0,1
1984-01-21,85.207,-14.361,9.0,0.0,1
1984-01-28,85.207,-14.361,9.0,0.0,1
1984-02-04,85.207,-14.361,9.0,0.0,1
1984-02-11,85.207,-14.361,9.0,0.0,1
1984-02-18,85.207,-14.361,9.0,0.0,1
1984-02-25,85.207,-14.361,9.0,0.0,1
1984-03-03,85.207,-14.361,9.0,0.0,1
1984-03-10,85.207,-14.361,9.0,0.0,1
1984-03-17,85.207,-14.361,9.0,0.0,1
1984-03-24,85.207,-14.361,9.0,0.0,1
1984-03-31,85.207,-14.361,9.0,0.0,1
1984-04-07,85.207,-14.361,9.0,0.0,1
1984-04-14,85.207,-14.361,9.0,0.0,1
1984-04-28,205.245,-12.455,0.0,1.0,1
1984-05-05,205.245,-12.455,0.0,1.0,1
1984-05-12,205.245,-12.455,0.0,1.0,1
1984-05-19,205.245,-12.455,0.0,1.0,1
1984-05-26,205.245,-12.455,0.0,1.0,1
1984-06-02,205.245,-12.455,0.0,1.0,1
1984-06-09,205.245,-12.455,0.0,1.0,1
1984-06-16,205.245,-12.455,0.0,1.0,1
1984-10-06,111.319,-5.811,6.0,1.0,1
1984-10-13,111.319,-5.811,6.0,1.0,1
1983-11-26,86.693,-5.03,7.0,1.0,1
1984-10-20,111.319,-5.811,6.0,1.0,1
1983-11-19,86.693,-5.03,7.0,1.0,1
1983-11-05,86.693,-5.03,7.0,1.0,1
1982-03-20,96.027,-14.301,11.0,0.0,1
1982-04-03,118.198,-12.923,3.0,1.0,1
1982-04-10,118.198,-12.923,3.0,1.0,1
1982-04-17,118.198,-12.923,3.0,1.0,1
1982-04-24,118.198,-12.923,3.0,1.0,1
1982-05-01,118.198,-12.923,3.0,1.0,1
1982-05-08,118.198,-12.923,3.0,1.0,1
1982-05-15,118.198,-12.923,3.0,1.0,1
1982-05-22,118.198,-12.923,3.0,1.0,1
1983-04-09,128.646,-10.826,9.0,1.0,1
1983-04-16,128.646,-10.826,9.0,1.0,1
1983-04-23,128.646,-10.826,9.0,1.0,1
1983-04-30,128.646,-10.826,9.0,1.0,1
1983-05-07,128.646,-10.826,9.0,1.0,1
1983-06-11,128.646,-10.826,9.0,1.0,1
1983-06-18,128.646,-10.826,9.0,1.0,1
1983-06-25,128.646,-10.826,9.0,1.0,1
1983-07-02,128.646,-10.826,9.0,1.0,1
1983-07-09,128.646,-10.826,9.0,1.0,1
1983-07-16,128.646,-10.826,9.0,1.0,1
1983-08-13,112.88,-12.581,7.0,1.0,1
1983-08-20,112.88,-12.581,7.0,1.0,1
1983-10-01,86.693,-5.03,7.0,1.0,1
1983-10-08,86.693,-5.03,7.0,1.0,1
1983-10-15,86.693,-5.03,7.0,1.0,1
1983-10-22,86.693,-5.03,7.0,1.0,1
1983-10-29,86.693,-5.03,7.0,1.0,1
1983-11-12,86.693,-5.03,7.0,1.0,1
1984-10-27,111.319,-5.811,6.0,1.0,1
1984-11-03,111.319,-5.811,6.0,1.0,1
1984-11-10,111.319,-5.811,6.0,1.0,1
1986-05-17,88.471,-5.571,0.0,1.0,1
1986-05-24,88.471,-5.571,0.0,1.0,1
1986-05-31,88.471,-5.571,0.0,1.0,1
1986-06-07,88.471,-5.571,0.0,1.0,1
1986-06-14,88.471,-5.571,0.0,1.0,1
1986-06-21,88.471,-5.571,0.0,1.0,1
1986-07-05,121.948,-3.579,5.0,0.0,1
1986-07-12,121.948,-3.579,5.0,0.0,1
1986-07-19,121.948,-3.579,5.0,0.0,1
1986-11-15,116.195,-11.761,8.0,0.0,1
1986-11-22,116.195,-11.761,8.0,0.0,1
1986-11-29,116.195,-11.761,8.0,0.0,1
1986-12-06,116.195,-11.761,8.0,0.0,1
1986-12-13,116.195,-11.761,8.0,0.0,1
1987-08-29,84.825,-12.853,4.0,0.0,1
1987-09-05,84.825,-12.853,4.0,0.0,1
1987-09-12,84.825,-12.853,4.0,0.0,1
1987-09-19,84.825,-12.853,4.0,0.0,1
1987-09-26,84.825,-12.853,4.0,0.0,1
1987-10-03,84.825,-12.853,4.0,0.0,1
1987-10-10,84.825,-12.853,4.0,0.0,1
1987-10-17,84.825,-12.853,4.0,0.0,1
1987-10-24,84.825,-12.853,4.0,0.0,1
1987-10-31,84.825,-12.853,4.0,0.0,1
1987-11-07,84.825,-12.853,4.0,0.0,1
1987-11-14,84.825,-12.853,4.0,0.0,1
1988-08-27,134.188,-3.891,6.0,1.0,1
1986-05-10,88.471,-5.571,0.0,1.0,1
1986-05-03,88.471,-5.571,0.0,1.0,1
1986-03-08,128.607,-11.231,0.0,1.0,1
1986-03-01,128.607,-11.231,0.0,1.0,1
1984-11-17,111.319,-5.811,6.0,1.0,1
1984-11-24,111.319,-5.811,6.0,1.0,1
1984-12-01,111.319,-5.811,6.0,1.0,1
1984-12-08,111.319,-5.811,6.0,1.0,1
1985-02-09,136.32,-11.341,3.0,1.0,1
1985-02-16,136.32,-11.341,3.0,1.0,1
1985-02-23,136.32,-11.341,3.0,1.0,1
1985-06-15,119.903,-6.375,0.0,1.0,1
1985-06-22,119.903,-6.375,0.0,1.0,1
1985-06-29,119.903,-6.375,0.0,1.0,1
1985-07-06,119.903,-6.375,0.0,1.0,1
1985-07-13,119.903,-6.375,0.0,1.0,1
1985-11-09,101.967,-8.736,4.0,1.0,1
1982-03-13,96.027,-14.301,11.0,0.0,1
1985-11-16,101.967,-8.736,4.0,1.0,1
1985-11-30,101.967,-8.736,4.0,1.0,1
1985-12-07,101.967,-8.736,4.0,1.0,1
1985-12-14,101.967,-8.736,4.0,1.0,1
1985-12-21,101.967,-8.736,4.0,1.0,1
1985-12-28,101.967,-8.736,4.0,1.0,1
1986-01-04,101.967,-8.736,4.0,1.0,1
1986-01-11,101.967,-8.736,4.0,1.0,1
1986-01-18,101.967,-8.736,4.0,1.0,1
1986-01-25,128.607,-11.231,0.0,1.0,1
1986-02-01,128.607,-11.231,0.0,1.0,1
1986-02-08,128.607,-11.231,0.0,1.0,1
1986-02-15,128.607,-11.231,0.0,1.0,1
1986-02-22,128.607,-11.231,0.0,1.0,1
1985-11-23,101.967,-8.736,4.0,1.0,1
1988-09-03,134.188,-3.891,6.0,1.0,1
1982-03-06,96.027,-14.301,11.0,0.0,1
1982-02-20,96.027,-14.301,11.0,0.0,1
1976-12-04,157.788,-11.472,7.0,1.0,1
1976-12-11,157.788,-11.472,7.0,1.0,1
1976-12-18,157.788,-11.472,7.0,1.0,1
1976-12-25,157.788,-11.472,7.0,1.0,1
1977-01-01,157.788,-11.472,7.0,1.0,1
1977-01-08,157.788,-11.472,7.0,1.0,1
1977-01-15,157.788,-11.472,7.0,1.0,1
1977-06-18,137.865,-8.782,7.0,1.0,1
1977-06-25,137.865,-8.782,7.0,1.0,1
1977-07-02,137.865,-8.782,7.0,1.0,1
1977-07-09,137.865,-8.782,7.0,1.0,1
1977-07-16,137.865,-8.782,7.0,1.0,1
1978-06-24,86.902,-7.54,2.0,1.0,1
1978-07-01,86.902,-7.54,2.0,1.0,1
1978-07-08,86.902,-7.54,2.0,1.0,1
1978-07-15,86.902,-7.54,2.0,1.0,1
1978-07-22,86.902,-7.54,2.0,1.0,1
1978-07-29,86.902,-7.54,2.0,1.0,1
1978-08-05,86.902,-7.54,2.0,1.0,1
1978-08-12,86.902,-7.54,2.0,1.0,1
1978-08-19,86.902,-7.54,2.0,1.0,1
1978-08-26,86.902,-7.54,2.0,1.0,1
1978-09-02,86.902,-7.54,2.0,1.0,1
1978-09-09,86.902,-7.54,2.0,1.0,1
1978-09-16,86.902,-7.54,2.0,1.0,1
1978-09-23,86.902,-7.54,2.0,1.0,1
1979-10-20,121.483,-12.347,9.0,1.0,1
1976-11-20,123.438,-8.852,11.0,0.0,1
1979-10-27,121.483,-12.347,9.0,1.0,1
1976-11-13,123.438,-8.852,11.0,0.0,1
1976-10-30,123.438,-8.852,11.0,0.0,1
1975-02-01,122.832,-13.895,9.0,1.0,1
1975-02-08,122.832,-13.895,9.0,1.0,1
1975-02-15,122.832,-13.895,9.0,1.0,1
1975-02-22,122.832,-13.895,9.0,1.0,1
1975-06-07,110.28,-7.98,1.0,1.0,1
1975-06-14,110.28,-7.98,1.0,1.0,1
1975-06-21,110.28,-7.98,1.0,1.0,1
1975-06-28,110.28,-7.98,1.0,1.0,1
1975-07-05,110.28,-7.98,1.0,1.0,1
1975-07-12,110.28,-7.98,1.0,1.0,1
1975-07-19,110.28,-7.98,1.0,1.0,1
1975-07-26,110.28,-7.98,1.0,1.0,1
1975-08-02,110.28,-7.98,1.0,1.0,1
1975-08-09,110.28,-7.98,1.0,1.0,1
1975-08-16,110.28,-7.98,1.0,1.0,1
1975-08-23,110.28,-7.98,1.0,1.0,1
1975-11-29,119.633,-9.783,8.0,0.0,1
1975-12-06,119.633,-9.783,8.0,0.0,1
1976-05-22,107.542,-12.896,11.0,0.0,1
1976-05-29,107.542,-12.896,11.0,0.0,1
1976-06-05,107.542,-12.896,11.0,0.0,1
1976-09-18,123.438,-8.852,11.0,0.0,1
1976-09-25,123.438,-8.852,11.0,0.0,1
1976-10-02,123.438,-8.852,11.0,0.0,1
1976-10-09,123.438,-8.852,11.0,0.0,1
1976-10-16,123.438,-8.852,11.0,0.0,1
1976-10-23,123.438,-8.852,11.0,0.0,1
1976-11-06,123.438,-8.852,11.0,0.0,1
1979-11-03,121.483,-12.347,9.0,1.0,1
1979-11-10,121.483,-12.347,9.0,1.0,1
1979-11-17,121.483,-12.347,9.0,1.0,1
1981-08-01,164.594,-9.727,0.0,0.0,1
1981-08-08,164.594,-9.727,0.0,0.0,1
1981-08-22,130.372,-3.237,5.0,1.0,1
1981-08-29,130.372,-3.237,5.0,1.0,1
1981-09-05,130.372,-3.237,5.0,1.0,1
1981-09-12,130.372,-3.237,5.0,1.0,1
1981-09-19,130.372,-3.237,5.0,1.0,1
1981-09-26,130.372,-3.237,5.0,1.0,1
1981-10-03,130.372,-3.237,5.0,1.0,1
1981-10-10,130.372,-3.237,5.0,1.0,1
1981-10-17,130.372,-3.237,5.0,1.0,1
1981-10-24,130.372,-3.237,5.0,1.0,1
1981-10-31,130.372,-3.237,5.0,1.0,1
1981-11-07,130.372,-3.237,5.0,1.0,1
1981-11-14,130.372,-3.237,5.0,1.0,1
1981-11-21,130.372,-3.237,5.0,1.0,1
1981-11-28,130.372,-3.237,5.0,1.0,1
1981-12-05,130.372,-3.237,5.0,1.0,1
1981-12-12,130.372,-3.237,5.0,1.0,1
1981-12-19,130.372,-3.237,5.0,1.0,1
1981-12-26,130.372,-3.237,5.0,1.0,1
1982-01-02,130.372,-3.237,5.0,1.0,1
1982-01-09,130.372,-3.237,5.0,1.0,1
1982-01-16,130.372,-3.237,5.0,1.0,1
1982-01-23,130.372,-3.237,5.0,1.0,1
1982-02-06,96.027,-14.301,11.0,0.0,1
1982-02-13,96.027,-14.301,11.0,0.0,1
1981-07-25,164.594,-9.727,0.0,0.0,1
1981-07-18,164.594,-9.727,0.0,0.0,1
1981-07-11,164.594,-9.727,0.0,0.0,1
1981-07-04,164.594,-9.727,0.0,0.0,1
1979-11-24,121.483,-12.347,9.0,1.0,1
1979-12-01,121.483,-12.347,9.0,1.0,1
1979-12-08,121.483,-12.347,9.0,1.0,1
1979-12-15,121.483,-12.347,9.0,1.0,1
1979-12-22,121.483,-12.347,9.0,1.0,1
1979-12-29,121.483,-12.347,9.0,1.0,1
1980-01-05,121.483,-12.347,9.0,1.0,1
1980-01-12,121.483,-12.347,9.0,1.0,1
1980-01-19,121.483,-12.347,9.0,1.0,1
1980-08-02,125.783,-7.356,7.0,1.0,1
1980-08-09,125.783,-7.356,7.0,1.0,1
1980-08-16,125.783,-7.356,7.0,1.0,1
1980-08-23,125.783,-7.356,7.0,1.0,1
1982-02-27,96.027,-14.301,11.0,0.0,1
1980-08-30,125.783,-7.356,7.0,1.0,1
1980-09-13,125.783,-7.356,7.0,1.0,1
1980-09-20,125.783,-7.356,7.0,1.0,1
1980-10-25,147.599,-10.362,9.0,1.0,1
1980-11-01,147.599,-10.362,9.0,1.0,1
1980-11-08,147.599,-10.362,9.0,1.0,1
1980-11-15,147.599,-10.362,9.0,1.0,1
1981-03-21,215.006,-10.448,0.0,1.0,1
1981-03-28,215.006,-10.448,0.0,1.0,1
1981-04-04,215.006,-10.448,0.0,1.0,1
1981-04-11,215.006,-10.448,0.0,1.0,1
1981-04-18,215.006,-10.448,0.0,1.0,1
1981-06-20,164.594,-9.727,0.0,0.0,1
1981-06-27,164.594,-9.727,0.0,0.0,1
1980-09-06,125.783,-7.356,7.0,1.0,1
1988-09-10,134.188,-3.891,6.0,1.0,1
1988-09-17,134.188,-3.891,6.0,1.0,1
1988-09-24,134.188,-3.891,6.0,1.0,1
2002-04-20,99.831,-4.821,2.0,1.0,1
2002-04-27,99.831,-4.821,2.0,1.0,1
2002-05-04,99.831,-4.821,2.0,1.0,1
2002-05-11,99.831,-4.821,2.0,1.0,1
2002-05-18,99.831,-4.821,2.0,1.0,1
2002-05-25,99.831,-4.821,2.0,1.0,1
2002-06-01,99.831,-4.821,2.0,1.0,1
2002-06-08,99.831,-4.821,2.0,1.0,1
2002-06-15,99.831,-4.821,2.0,1.0,1
2002-06-22,99.831,-4.821,2.0,1.0,1
2002-06-29,99.831,-4.821,2.0,1.0,1
2002-08-03,102.828,-4.475,1.0,1.0,1
2002-08-10,102.828,-4.475,1.0,1.0,1
2002-08-17,102.828,-4.475,1.0,1.0,1
2002-08-24,102.828,-4.475,1.0,1.0,1
2002-08-31,102.828,-4.475,1.0,1.0,1
2002-10-26,179.486,-5.823,7.0,1.0,1
2002-11-02,179.486,-5.823,7.0,1.0,1
2002-11-23,139.99,-3.924,8.0,1.0,1
2002-11-30,139.99,-3.924,8.0,1.0,1
2002-12-07,139.99,-3.924,8.0,1.0,1
2002-12-14,139.99,-3.924,8.0,1.0,1
2002-12-21,139.99,-3.924,8.0,1.0,1
2002-12-28,139.99,-3.924,8.0,1.0,1
2003-01-04,139.99,-3.924,8.0,1.0,1
2003-01-11,139.99,-3.924,8.0,1.0,1
2003-01-18,139.99,-3.924,8.0,1.0,1
2002-04-13,99.831,-4.821,2.0,1.0,1
2003-01-25,139.99,-3.924,8.0,1.0,1
2002-04-06,99.831,-4.821,2.0,1.0,1
2002-03-23,99.831,-4.821,2.0,1.0,1
1998-05-23,117.946,-9.407,0.0,1.0,1
1998-05-30,117.946,-9.407,0.0,1.0,1
1998-08-15,117.946,-9.407,0.0,1.0,1
1998-08-22,117.946,-9.407,0.0,1.0,1
1998-08-29,117.946,-9.407,0.0,1.0,1
1998-09-05,117.946,-9.407,0.0,1.0,1
1998-09-12,117.946,-9.407,0.0,1.0,1
1998-09-19,117.946,-9.407,0.0,1.0,1
1998-09-26,117.946,-9.407,0.0,1.0,1
1998-10-03,117.946,-9.407,0.0,1.0,1
1999-08-07,161.868,-5.676,11.0,1.0,1
1999-08-14,161.868,-5.676,11.0,1.0,1
1999-08-21,161.868,-5.676,11.0,1.0,1
1999-08-28,161.868,-5.676,11.0,1.0,1
1999-09-04,161.868,-5.676,11.0,1.0,1
1999-09-11,161.868,-5.676,11.0,1.0,1
1999-12-25,112.787,-5.12,0.0,1.0,1
2000-01-01,112.787,-5.12,0.0,1.0,1
2000-01-08,112.787,-5.12,0.0,1.0,1
2000-01-15,112.787,-5.12,0.0,1.0,1
2000-01-22,112.787,-5.12,0.0,1.0,1
2000-03-18,175.959,-3.825,11.0,0.0,1
2000-03-25,175.959,-3.825,11.0,0.0,1
2000-04-01,175.959,-3.825,11.0,0.0,1
2000-04-08,175.959,-3.825,11.0,0.0,1
2000-04-15,175.959,-3.825,11.0,0.0,1
2000-12-02,86.693,-5.47,11.0,0.0,1
2002-03-30,99.831,-4.821,2.0,1.0,1
2003-02-01,139.99,-3.924,8.0,1.0,1
2003-02-08,139.99,-3.924,8.0,1.0,1
2003-02-15,139.99,-3.924,8.0,1.0,1
2009-09-05,86.499,-11.323,3.0,1.0,1
2009-09-12,86.499,-11.323,3.0,1.0,1
2009-10-03,86.499,-11.323,3.0,1.0,1
2009-10-10,168.02,-3.426,2.0,1.0,1
2009-10-17,168.02,-3.426,2.0,1.0,1
2009-11-28,131.999,-6.278,1.0,1.0,1
2009-12-05,131.999,-6.278,1.0,1.0,1
2009-12-12,131.999,-6.278,1.0,1.0,1
2009-12-19,131.999,-6.278,1.0,1.0,1
2009-12-26,131.999,-6.278,1.0,1.0,1
2010-01-09,131.999,-6.278,1.0,1.0,1
2010-01-16,131.999,-6.278,1.0,1.0,1
2010-01-23,131.999,-6.278,1.0,1.0,1
2010-02-06,131.999,-6.278,1.0,1.0,1
2010-03-13,95.998,-4.328,11.0,1.0,1
2010-03-20,95.998,-4.328,11.0,1.0,1
2010-03-27,95.998,-4.328,11.0,1.0,1
2010-04-03,95.998,-4.328,11.0,1.0,1
2010-04-10,95.998,-4.328,11.0,1.0,1
2010-04-17,95.998,-4.328,11.0,1.0,1
2010-05-08,95.998,-4.328,11.0,1.0,1
2010-05-15,95.998,-4.328,11.0,1.0,1
2010-05-22,95.998,-4.328,11.0,1.0,1
2010-05-29,95.998,-4.328,11.0,1.0,1
2010-06-05,95.998,-4.328,11.0,1.0,1
2011-07-16,139.99,-3.924,8.0,1.0,1
2016-01-30,137.068,-12.679,0.0,1.0,1
2007-12-01,162.329,-8.652,7.0,1.0,1
2007-11-24,162.329,-8.652,7.0,1.0,1
2007-11-17,162.329,-8.652,7.0,1.0,1
2007-11-10,162.329,-8.652,7.0,1.0,1
2003-02-22,139.99,-3.924,8.0,1.0,1
2003-03-01,139.99,-3.924,8.0,1.0,1
2003-03-08,139.99,-3.924,8.0,1.0,1
2003-03-15,139.99,-3.924,8.0,1.0,1
2003-03-22,139.99,-3.924,8.0,1.0,1
2003-03-29,139.99,-3.924,8.0,1.0,1
2003-04-05,139.99,-3.924,8.0,1.0,1
2003-04-12,139.99,-3.924,8.0,1.0,1
2003-04-19,139.99,-3.924,8.0,1.0,1
2003-04-26,139.99,-3.924,8.0,1.0,1
2003-05-31,93.95,-5.229,5.0,0.0,1
2003-06-07,93.95,-5.229,5.0,0.0,1
2003-06-14,93.95,-5.229,5.0,0.0,1
1998-03-07,135.111,-10.616,5.0,1.0,1
2003-06-21,93.95,-5.229,5.0,0.0,1
2003-07-05,93.95,-5.229,5.0,0.0,1
2003-07-12,93.95,-5.229,5.0,0.0,1
2003-07-19,93.95,-5.229,5.0,0.0,1
2003-07-26,93.95,-5.229,5.0,0.0,1
2003-08-02,93.95,-5.229,5.0,0.0,1
2003-08-09,93.95,-5.229,5.0,0.0,1
2003-08-16,93.95,-5.229,5.0,0.0,1
2003-08-23,149.917,-4.757,1.0,0.0,1
2007-09-01,124.517,-6.805,0.0,1.0,1
2007-09-08,124.517,-6.805,0.0,1.0,1
2007-09-15,124.517,-6.805,0.0,1.0,1
2007-09-22,124.517,-6.805,0.0,1.0,1
2007-11-03,162.329,-8.652,7.0,1.0,1
2003-06-28,93.95,-5.229,5.0,0.0,1
1998-02-28,135.111,-10.616,5.0,1.0,1
1998-02-21,135.111,-10.616,5.0,1.0,1
1997-09-06,109.154,-12.806,1.0,1.0,1
1989-06-17,122.838,-5.454,6.0,1.0,1
1989-06-24,122.838,-5.454,6.0,1.0,1
1989-07-01,122.838,-5.454,6.0,1.0,1
1989-07-08,122.838,-5.454,6.0,1.0,1
1989-07-15,122.838,-5.454,6.0,1.0,1
1989-07-22,122.838,-5.454,6.0,1.0,1
1989-07-29,122.838,-5.454,6.0,1.0,1
1989-08-05,122.838,-5.454,6.0,1.0,1
1989-08-12,128.137,-11.881,7.0,1.0,1
1989-08-19,128.137,-11.881,7.0,1.0,1
2021-01-02,92.98,-9.647,5.0,1.0,1
1989-09-02,128.137,-11.881,7.0,1.0,1
1989-09-09,128.137,-11.881,7.0,1.0,1
1989-09-16,128.137,-11.881,7.0,1.0,1
1989-09-23,128.137,-11.881,7.0,1.0,1
1989-09-30,128.137,-11.881,7.0,1.0,1
1989-11-04,125.783,-7.356,7.0,1.0,1
1989-11-11,125.783,-7.356,7.0,1.0,1
1989-11-18,125.783,-7.356,7.0,1.0,1
1990-02-10,115.106,-6.658,5.0,0.0,1
1990-02-17,115.106,-6.658,5.0,0.0,1
1990-02-24,115.106,-6.658,5.0,0.0,1
1990-03-03,115.106,-6.658,5.0,0.0,1
1990-06-02,70.876,-4.82,5.0,1.0,1
1990-06-09,70.876,-4.82,5.0,1.0,1
1990-06-16,70.876,-4.82,5.0,1.0,1
1990-06-23,70.876,-4.82,5.0,1.0,1
1989-06-10,122.838,-5.454,6.0,1.0,1
1989-06-03,122.838,-5.454,6.0,1.0,1
1989-05-27,122.838,-5.454,6.0,1.0,1
1989-05-20,122.838,-5.454,6.0,1.0,1
1988-10-01,134.188,-3.891,6.0,1.0,1
1988-10-08,134.188,-3.891,6.0,1.0,1
1988-10-15,134.188,-3.891,6.0,1.0,1
1988-10-22,134.188,-3.891,6.0,1.0,1
1988-10-29,134.188,-3.891,6.0,1.0,1
1988-11-05,134.188,-3.891,6.0,1.0,1
1988-11-12,134.188,-3.891,6.0,1.0,1
1988-12-10,155.843,-2.689,7.0,1.0,1
1988-12-17,155.843,-2.689,7.0,1.0,1
1988-12-24,155.843,-2.689,7.0,1.0,1
1988-12-31,155.843,-2.689,7.0,1.0,1
1989-01-07,155.843,-2.689,7.0,1.0,1
1989-01-14,155.843,-2.689,7.0,1.0,1
1990-06-30,70.876,-4.82,5.0,1.0,1
1989-01-21,155.843,-2.689,7.0,1.0,1
1989-02-04,155.843,-2.689,7.0,1.0,1
1989-02-11,155.843,-2.689,7.0,1.0,1
1989-02-18,155.843,-2.689,7.0,1.0,1
1989-02-25,155.843,-2.689,7.0,1.0,1
1989-03-04,155.843,-2.689,7.0,1.0,1
1989-03-11,155.843,-2.689,7.0,1.0,1
1989-03-18,155.843,-2.689,7.0,1.0,1
1989-04-08,122.838,-5.454,6.0,1.0,1
1989-04-15,122.838,-5.454,6.0,1.0,1
1989-04-22,122.838,-5.454,6.0,1.0,1
1989-04-29,122.838,-5.454,6.0,1.0,1
1989-05-06,122.838,-5.454,6.0,1.0,1
1989-05-13,122.838,-5.454,6.0,1.0,1
1989-01-28,155.843,-2.689,7.0,1.0,1
1975-01-25,122.832,-13.895,9.0,1.0,1
1990-07-07,70.876,-4.82,5.0,1.0,1
1990-12-08,177.152,-4.65,4.0,0.0,1
1993-04-24,101.66,-5.746,2.0,1.0,1
1993-08-28,105.804,-3.947,9.0,1.0,1
1994-05-14,94.705,-9.808,3.0,1.0,1
1997-02-15,94.234,-6.504,4.0,0.0,1
1997-02-22,94.234,-6.504,4.0,0.0,1
1997-03-01,94.234,-6.504,4.0,0.0,1
1997-03-08,94.234,-6.504,4.0,0.0,1
1997-03-15,94.234,-6.504,4.0,0.0,1
1997-03-22,94.234,-6.504,4.0,0.0,1
1997-03-29,94.234,-6.504,4.0,0.0,1
1997-04-05,94.234,-6.504,4.0,0.0,1
1997-04-12,94.234,-6.504,4.0,0.0,1
1997-04-19,94.234,-6.504,4.0,0.0,1
1997-04-26,94.234,-6.504,4.0,0.0,1
1997-05-03,94.234,-6.504,4.0,0.0,1
1997-05-10,94.234,-6.504,4.0,0.0,1
1997-05-17,94.234,-6.504,4.0,0.0,1
1997-05-24,94.234,-6.504,4.0,0.0,1
1997-05-31,94.234,-6.504,4.0,0.0,1
1997-07-12,109.154,-12.806,1.0,1.0,1
1997-07-19,109.154,-12.806,1.0,1.0,1
1997-07-26,109.154,-12.806,1.0,1.0,1
1997-08-02,109.154,-12.806,1.0,1.0,1
1997-08-09,109.154,-12.806,1.0,1.0,1
1997-08-16,109.154,-12.806,1.0,1.0,1
1997-08-23,109.154,-12.806,1.0,1.0,1
1997-08-30,109.154,-12.806,1.0,1.0,1
1993-04-17,101.66,-5.746,2.0,1.0,1
1992-12-19,61.971,-8.095,10.0,0.0,1
1992-12-12,61.971,-8.095,10.0,0.0,1
1992-11-07,61.971,-8.095,10.0,0.0,1
1990-12-15,177.152,-4.65,4.0,0.0,1
1990-12-22,177.152,-4.65,4.0,0.0,1
1990-12-29,177.152,-4.65,4.0,0.0,1
1991-01-05,177.152,-4.65,4.0,0.0,1
1991-01-12,177.152,-4.65,4.0,0.0,1
1991-01-19,111.755,-9.308,0.0,0.0,1
1991-01-26,111.755,-9.308,0.0,0.0,1
1991-02-02,111.755,-9.308,0.0,0.0,1
1991-02-09,111.755,-9.308,0.0,0.0,1
1991-02-16,111.755,-9.308,0.0,0.0,1
1991-02-23,111.755,-9.308,0.0,0.0,1
1991-03-02,111.755,-9.308,0.0,0.0,1
1991-08-17,112.258,-7.943,9.0,0.0,1
1990-09-01,127.844,-8.183,10.0,1.0,1
1991-11-30,114.995,-9.728,7.0,1.0,1
1991-12-14,114.995,-9.728,7.0,1.0,1
1991-12-21,114.995,-9.728,7.0,1.0,1
1991-12-28,114.995,-9.728,7.0,1.0,1
1992-01-04,114.995,-9.728,7.0,1.0,1
1992-03-28,117.988,-7.762,10.0,0.0,1
1992-04-04,117.988,-7.762,10.0,0.0,1
1992-06-06,102.829,-10.086,2.0,1.0,1
1992-06-13,102.829,-10.086,2.0,1.0,1
1992-06-20,102.829,-10.086,2.0,1.0,1
1992-09-19,101.779,-10.235,1.0,0.0,1
1992-09-26,101.779,-10.235,1.0,0.0,1
1992-10-03,101.779,-10.235,1.0,0.0,1
1992-10-31,61.971,-8.095,10.0,0.0,1
1991-12-07,114.995,-9.728,7.0,1.0,1
1975-01-18,122.832,-13.895,9.0,1.0,1
1989-08-26,128.137,-11.881,7.0,1.0,1
1974-04-20,170.987,-12.575,2.0,1.0,1
1965-12-11,124.369,-9.155,11.0,0.0,1
1965-12-18,124.369,-9.155,11.0,0.0,1
1965-12-25,124.369,-9.155,11.0,0.0,1
1966-02-19,112.884,-13.261,0.0,1.0,1
1966-02-26,112.884,-13.261,0.0,1.0,1
1966-03-05,112.884,-13.261,0.0,1.0,1
1966-03-12,112.884,-13.261,0.0,1.0,1
1966-03-19,112.884,-13.261,0.0,1.0,1
1966-03-26,112.884,-13.261,0.0,1.0,1
1966-04-02,112.884,-13.261,0.0,1.0,1
1966-06-04,122.152,-6.953,4.0,0.0,1
1966-06-11,122.152,-6.953,4.0,0.0,1
1966-06-18,122.152,-6.953,4.0,0.0,1
1966-06-25,122.152,-6.953,4.0,0.0,1
1966-07-02,122.152,-6.953,4.0,0.0,1
1966-07-09,122.152,-6.953,4.0,0.0,1
1966-07-30,124.521,-10.935,0.0,1.0,1
1966-08-06,124.521,-10.935,0.0,1.0,1
1966-08-13,124.521,-10.935,0.0,1.0,1
1965-12-04,124.369,-9.155,11.0,0.0,1
1965-11-27,124.369,-9.155,11.0,0.0,1
1965-11-20,124.369,-9.155,11.0,0.0,1
1965-11-13,124.369,-9.155,11.0,0.0,1
1964-11-21,107.455,-7.343,4.0,1.0,1
1964-11-28,107.455,-7.343,4.0,1.0,1
1964-12-05,107.455,-7.343,4.0,1.0,1
1964-12-12,107.455,-7.343,4.0,1.0,1
1964-12-19,107.455,-7.343,4.0,1.0,1
1965-01-16,131.01,-10.623,2.0,1.0,1
1965-01-23,131.01,-10.623,2.0,1.0,1
1965-01-30,131.01,-10.623,2.0,1.0,1
1965-03-20,119.712,-9.379,6.0,1.0,1
1966-08-20,124.521,-10.935,0.0,1.0,1
1965-03-27,119.712,-9.379,6.0,1.0,1
1965-05-22,85.2,-11.08,4.0,1.0,1
1965-05-29,85.2,-11.08,4.0,1.0,1
1965-06-05,85.2,-11.08,4.0,1.0,1
1965-06-12,85.2,-11.08,4.0,1.0,1
1965-06-19,85.2,-11.08,4.0,1.0,1
1965-09-04,119.441,-11.737,5.0,1.0,1
1965-09-11,119.441,-11.737,5.0,1.0,1
1965-09-18,119.441,-11.737,5.0,1.0,1
1965-09-25,119.441,-11.737,5.0,1.0,1
1965-05-15,85.2,-11.08,4.0,1.0,1
1964-11-14,107.455,-7.343,4.0,1.0,1
1966-08-27,124.521,-10.935,0.0,1.0,1
1967-01-21,93.847,-8.701,10.0,0.0,1
1968-03-02,123.381,-8.643,2.0,1.0,1
1968-07-20,115.514,-12.065,9.0,0.0,1
1968-07-27,115.514,-12.065,9.0,0.0,1
1968-08-03,115.514,-12.065,9.0,0.0,1
1968-08-10,115.514,-12.065,9.0,0.0,1
1968-08-17,115.514,-12.065,9.0,0.0,1
1968-08-24,115.514,-12.065,9.0,0.0,1
1968-08-31,115.514,-12.065,9.0,0.0,1
1968-09-07,115.514,-12.065,9.0,0.0,1
1968-09-14,115.514,-12.065,9.0,0.0,1
1968-09-21,115.514,-12.065,9.0,0.0,1
1968-09-28,115.514,-12.065,9.0,0.0,1
1968-11-09,105.202,-13.592,9.0,1.0,1
1968-11-16,105.202,-13.592,9.0,1.0,1
1968-11-23,105.202,-13.592,9.0,1.0,1
1969-02-08,105.202,-13.592,9.0,1.0,1
1969-02-15,105.202,-13.592,9.0,1.0,1
1969-02-22,105.202,-13.592,9.0,1.0,1
1969-07-05,121.274,-9.843,6.0,0.0,1
1968-02-24,123.381,-8.643,2.0,1.0,1
1968-02-17,123.381,-8.643,2.0,1.0,1
1968-02-10,123.381,-8.643,2.0,1.0,1
1968-02-03,123.381,-8.643,2.0,1.0,1
1967-01-28,93.847,-8.701,10.0,0.0,1
1967-02-04,93.847,-8.701,10.0,0.0,1
1967-02-11,93.847,-8.701,10.0,0.0,1
1967-07-01,100.191,-13.961,0.0,1.0,1
1967-07-08,100.191,-13.961,0.0,1.0,1
1967-07-15,100.191,-13.961,0.0,1.0,1
1967-08-12,100.191,-13.961,0.0,1.0,1
1967-08-26,142.963,-11.298,10.0,0.0,1
1967-09-02,142.963,-11.298,10.0,0.0,1
1967-01-14,93.847,-8.701,10.0,0.0,1
1967-09-09,142.963,-11.298,10.0,0.0,1
1967-09-23,142.963,-11.298,10.0,0.0,1
1967-09-30,142.963,-11.298,10.0,0.0,1
1967-10-07,142.963,-11.298,10.0,0.0,1
1967-10-14,142.963,-11.298,10.0,0.0,1
1967-10-28,133.312,-11.693,0.0,1.0,1
1967-11-04,133.312,-11.693,0.0,1.0,1
1968-01-13,123.381,-8.643,2.0,1.0,1
1968-01-20,123.381,-8.643,2.0,1.0,1
1968-01-27,123.381,-8.643,2.0,1.0,1
1967-09-16,142.963,-11.298,10.0,0.0,1
1969-07-12,121.274,-9.843,6.0,0.0,1
1964-11-07,107.455,-7.343,4.0,1.0,1
1964-09-12,65.771,-13.53,10.0,1.0,1
1960-09-12,111.422,-12.632,7.0,1.0,1
1960-09-19,111.422,-12.632,7.0,1.0,1
1960-09-26,111.422,-12.632,7.0,1.0,1
1960-10-03,111.422,-12.632,7.0,1.0,1
1960-10-10,111.422,-12.632,7.0,1.0,1
1960-10-17,111.422,-12.632,7.0,1.0,1
1960-10-31,87.758,-18.341,11.0,1.0,1
1960-11-07,87.758,-18.341,11.0,1.0,1
1960-11-14,87.758,-18.341,11.0,1.0,1
1961-04-03,71.597,-11.539,10.0,1.0,1
1961-05-15,92.851,-23.611,10.0,1.0,1
1961-05-22,92.851,-23.611,10.0,1.0,1
1961-05-29,92.851,-23.611,10.0,1.0,1
1961-06-05,92.851,-23.611,10.0,1.0,1
1961-06-12,92.851,-23.611,10.0,1.0,1
1961-06-19,92.851,-23.611,10.0,1.0,1
1961-06-26,92.851,-23.611,10.0,1.0,1
1961-07-03,92.851,-23.611,10.0,1.0,1
1961-07-10,92.851,-23.611,10.0,1.0,1
1960-09-05,111.422,-12.632,7.0,1.0,1
1960-08-29,111.422,-12.632,7.0,1.0,1
1960-08-22,111.422,-12.632,7.0,1.0,1
1960-08-15,111.422,-12.632,7.0,1.0,1
1958-08-11,108.974,-12.808,4.0,1.0,1
1958-08-18,108.974,-12.808,4.0,1.0,1
1958-08-25,108.974,-12.808,4.0,1.0,1
1958-09-01,108.974,-12.808,4.0,1.0,1
1958-09-08,108.974,-12.808,4.0,1.0,1
1958-09-15,108.974,-12.808,4.0,1.0,1
1958-09-22,108.974,-12.808,4.0,1.0,1
1959-01-19,104.943,-13.524,11.0,1.0,1
1959-01-26,104.943,-13.524,11.0,1.0,1
1961-07-17,92.851,-23.611,10.0,1.0,1
1959-02-02,104.943,-13.524,11.0,1.0,1
1959-02-16,104.943,-13.524,11.0,1.0,1
1959-03-09,104.943,-13.524,11.0,1.0,1
1959-03-23,185.559,-11.19,0.0,1.0,1
1959-03-30,185.559,-11.19,0.0,1.0,1
1959-04-06,185.559,-11.19,0.0,1.0,1
1959-04-13,185.559,-11.19,0.0,1.0,1
1959-04-20,185.559,-11.19,0.0,1.0,1
1959-10-05,118.041,-7.087,4.0,1.0,1
1959-10-12,118.041,-7.087,4.0,1.0,1
1959-02-09,104.943,-13.524,11.0,1.0,1
1964-09-19,65.771,-13.53,10.0,1.0,1
1961-07-24,92.851,-23.611,10.0,1.0,1
1961-08-14,93.301,-6.832,7.0,1.0,1
1963-04-06,116.764,-11.49,5.0,1.0,1
1963-04-13,116.764,-11.49,5.0,1.0,1
1963-04-20,116.764,-11.49,5.0,1.0,1
1963-04-27,116.764,-11.49,5.0,1.0,1
1963-05-04,116.764,-11.49,5.0,1.0,1
1963-08-31,126.714,-12.818,0.0,1.0,1
1964-01-04,117.464,-8.763,9.0,1.0,1
1964-01-11,117.464,-8.763,9.0,1.0,1
1964-01-18,117.464,-8.763,9.0,1.0,1
1964-03-14,117.464,-8.763,9.0,1.0,1
1964-04-04,106.671,-6.172,2.0,1.0,1
1964-04-11,106.671,-6.172,2.0,1.0,1
1964-04-18,106.671,-6.172,2.0,1.0,1
1964-04-25,106.671,-6.172,2.0,1.0,1
1964-05-02,106.671,-6.172,2.0,1.0,1
1964-05-09,106.671,-6.172,2.0,1.0,1
1964-05-16,106.671,-6.172,2.0,1.0,1
1964-05-23,106.671,-6.172,2.0,1.0,1
1964-09-05,65.771,-13.53,10.0,1.0,1
1963-03-30,116.764,-11.49,5.0,1.0,1
1974-04-27,170.987,-12.575,2.0,1.0,1
1962-09-22,129.781,-6.643,3.0,1.0,1
1962-09-15,129.781,-6.643,3.0,1.0,1
1961-08-21,93.301,-6.832,7.0,1.0,1
1961-08-28,93.301,-6.832,7.0,1.0,1
1961-09-04,93.301,-6.832,7.0,1.0,1
1961-09-11,93.301,-6.832,7.0,1.0,1
1961-09-18,93.301,-6.832,7.0,1.0,1
1961-09-25,93.301,-6.832,7.0,1.0,1
1961-12-11,137.99,-9.378,6.0,1.0,1
1961-12-18,137.99,-9.378,6.0,1.0,1
1961-12-25,137.99,-9.378,6.0,1.0,1
1961-08-07,93.301,-6.832,7.0,1.0,1
1962-01-06,137.99,-9.378,6.0,1.0,1
1962-03-10,163.942,-18.57,0.0,1.0,1
1962-03-17,163.942,-18.57,0.0,1.0,1
1962-03-24,163.942,-18.57,0.0,1.0,1
1962-03-31,163.942,-18.57,0.0,1.0,1
1962-04-07,163.942,-18.57,0.0,1.0,1
1962-08-18,129.781,-6.643,3.0,1.0,1
1962-08-25,129.781,-6.643,3.0,1.0,1
1962-09-01,129.781,-6.643,3.0,1.0,1
1962-09-08,129.781,-6.643,3.0,1.0,1
1962-01-13,137.99,-9.378,6.0,1.0,1
1969-07-19,121.274,-9.843,6.0,0.0,1
2021-04-24,160.786,-4.536,5.0,1.0,1
1972-12-16,119.811,-6.724,4.0,1.0,1
1972-03-18,119.744,-5.431,6.0,1.0,1
1972-03-25,119.744,-5.431,6.0,1.0,1
1972-04-01,119.744,-5.431,6.0,1.0,1
1971-06-05,201.951,-4.994,9.0,0.0,1
1973-11-17,139.333,-10.358,9.0,0.0,1
1973-11-10,139.333,-10.358,9.0,0.0,1
1971-07-03,201.951,-4.994,9.0,0.0,1
1970-06-13,89.091,-4.594,1.0,1.0,1
1970-06-06,89.091,-4.594,1.0,1.0,1
1970-05-30,89.091,-4.594,1.0,1.0,1
1970-05-23,89.091,-4.594,1.0,1.0,1
1972-03-11,119.744,-5.431,6.0,1.0,1
1972-04-08,119.744,-5.431,6.0,1.0,1
1972-04-22,119.744,-5.431,6.0,1.0,1
1973-11-24,139.333,-10.358,9.0,0.0,1
1973-12-01,139.333,-10.358,9.0,0.0,1
1973-01-20,119.811,-6.724,4.0,1.0,1
1973-01-13,119.811,-6.724,4.0,1.0,1
1973-01-06,119.811,-6.724,4.0,1.0,1
1972-12-30,119.811,-6.724,4.0,1.0,1
1972-12-23,119.811,-6.724,4.0,1.0,1
1971-01-30,150.569,-10.544,11.0,1.0,1
1972-12-09,119.811,-6.724,4.0,1.0,1
1970-05-16,89.091,-4.594,1.0,1.0,1
1972-04-15,119.744,-5.431,6.0,1.0,1
1970-05-09,89.091,-4.594,1.0,1.0,1
1971-05-29,201.951,-4.994,9.0,0.0,1
1971-05-15,201.951,-4.994,9.0,0.0,1
1971-01-23,150.569,-10.544,11.0,1.0,1
1971-01-16,150.569,-10.544,11.0,1.0,1
1971-01-09,150.569,-10.544,11.0,1.0,1
1971-01-02,150.569,-10.544,11.0,1.0,1
1970-12-26,150.569,-10.544,11.0,1.0,1
1970-12-19,150.569,-10.544,11.0,1.0,1
1970-12-12,150.569,-10.544,11.0,1.0,1
1970-12-05,150.569,-10.544,11.0,1.0,1
1972-01-22,182.085,-8.026,9.0,1.0,1
1972-01-29,182.085,-8.026,9.0,1.0,1
1970-11-28,150.569,-10.544,11.0,1.0,1
1971-05-22,201.951,-4.994,9.0,0.0,1
1970-11-21,150.569,-10.544,11.0,1.0,1
1970-08-01,89.091,-4.594,1.0,1.0,1
1970-07-25,89.091,-4.594,1.0,1.0,1
1970-07-18,89.091,-4.594,1.0,1.0,1
1970-07-11,89.091,-4.594,1.0,1.0,1
1970-07-04,89.091,-4.594,1.0,1.0,1
1970-06-27,89.091,-4.594,1.0,1.0,1
1970-06-20,89.091,-4.594,1.0,1.0,1
1972-02-05,182.085,-8.026,9.0,1.0,1
1971-02-06,150.569,-10.544,11.0,1.0,1
1971-02-13,150.569,-10.544,11.0,1.0,1
1971-05-08,201.951,-4.994,9.0,0.0,1
1970-08-08,89.091,-4.594,1.0,1.0,1
1972-12-02,119.811,-6.724,4.0,1.0,1
1972-01-15,182.085,-8.026,9.0,1.0,1
1972-04-29,119.744,-5.431,6.0,1.0,1
1971-09-18,74.961,-10.514,0.0,1.0,1
1971-07-24,201.951,-4.994,9.0,0.0,1
1972-01-08,182.085,-8.026,9.0,1.0,1
1972-01-01,182.085,-8.026,9.0,1.0,1
1972-11-11,72.937,-16.336,5.0,0.0,1
1972-11-04,72.937,-16.336,5.0,0.0,1
1972-10-28,72.937,-16.336,5.0,0.0,1
1973-04-28,137.068,-12.679,0.0,1.0,1
1973-08-18,81.95,-13.485,4.0,1.0,1
1973-08-25,81.95,-13.485,4.0,1.0,1
1972-08-19,139.925,-10.955,9.0,1.0,1
1972-08-12,139.925,-10.955,9.0,1.0,1
1972-10-21,72.937,-16.336,5.0,0.0,1
1971-07-17,201.951,-4.994,9.0,0.0,1
1974-04-13,170.987,-12.575,2.0,1.0,1
1973-12-22,139.333,-10.358,9.0,0.0,1
1972-08-26,139.925,-10.955,9.0,1.0,1
1973-09-01,81.95,-13.485,4.0,1.0,1
1969-11-01,187.128,-14.406,9.0,1.0,1
1971-09-11,74.961,-10.514,0.0,1.0,1
1972-09-02,139.925,-10.955,9.0,1.0,1
1972-09-09,139.925,-10.955,9.0,1.0,1
1973-12-08,139.333,-10.358,9.0,0.0,1
1971-07-10,201.951,-4.994,9.0,0.0,1
1973-12-15,139.333,-10.358,9.0,0.0,1
1993-06-12,85.6165,-5.9355,4.0,1.0,2
1993-06-05,85.6165,-5.9355,4.0,1.0,2
2002-09-07,141.15699999999998,-5.149,4.0,1.0,2
1994-04-02,131.8255,-9.385,5.0,0.5,2
2002-09-14,141.15699999999998,-5.149,4.0,1.0,2
1973-10-13,110.64150000000001,-11.9215,6.5,0.5,2
1994-04-16,131.8255,-9.385,5.0,0.5,2
1994-04-23,131.8255,-9.385,5.0,0.5,2
1994-04-30,131.8255,-9.385,5.0,0.5,2
1994-05-07,131.8255,-9.385,5.0,0.5,2
1993-06-19,85.6165,-5.9355,4.0,1.0,2
1961-03-06,69.94,-10.6645,5.0,1.0,2
1961-03-13,69.94,-10.6645,5.0,1.0,2
1993-05-29,85.6165,-5.9355,4.0,1.0,2
1961-03-20,69.94,-10.6645,5.0,1.0,2
1961-03-27,69.94,-10.6645,5.0,1.0,2
1973-04-21,169.71300000000002,-11.2585,5.5,1.0,2
1961-04-10,82.22399999999999,-17.575,10.0,1.0,2
1961-04-17,82.22399999999999,-17.575,10.0,1.0,2
1961-04-24,82.22399999999999,-17.575,10.0,1.0,2
1994-04-09,131.8255,-9.385,5.0,0.5,2
1993-06-26,85.6165,-5.9355,4.0,1.0,2
2002-10-05,141.15699999999998,-5.149,4.0,1.0,2
2002-09-21,141.15699999999998,-5.149,4.0,1.0,2
2003-05-03,116.97,-4.5765,6.5,0.5,2
2003-05-10,116.97,-4.5765,6.5,0.5,2
2003-05-17,116.97,-4.5765,6.5,0.5,2
1993-09-25,127.958,-7.2795000000000005,8.5,1.0,2
1973-09-29,110.64150000000001,-11.9215,6.5,0.5,2
1973-09-22,110.64150000000001,-11.9215,6.5,0.5,2
1973-09-15,110.64150000000001,-11.9215,6.5,0.5,2
1973-09-08,110.64150000000001,-11.9215,6.5,0.5,2
1993-09-18,127.958,-7.2795000000000005,8.5,1.0,2
1960-11-21,78.0205,-14.0655,5.5,1.0,2
1960-11-28,78.0205,-14.0655,5.5,1.0,2
1993-09-11,127.958,-7.2795000000000005,8.5,1.0,2
1993-09-04,127.958,-7.2795000000000005,8.5,1.0,2
1960-12-05,78.0205,-14.0655,5.5,1.0,2
2002-10-19,141.15699999999998,-5.149,4.0,1.0,2
2003-05-24,116.97,-4.5765,6.5,0.5,2
1973-10-20,110.64150000000001,-11.9215,6.5,0.5,2
1973-10-27,110.64150000000001,-11.9215,6.5,0.5,2
1973-11-03,110.64150000000001,-11.9215,6.5,0.5,2
2002-10-12,141.15699999999998,-5.149,4.0,1.0,2
1959-09-28,111.84700000000001,-9.032499999999999,6.0,1.0,2
1973-10-06,110.64150000000001,-11.9215,6.5,0.5,2
2002-09-28,141.15699999999998,-5.149,4.0,1.0,2
1959-09-21,111.84700000000001,-9.032499999999999,6.0,1.0,2
1962-10-27,139.21249999999998,-12.507000000000001,5.0,1.0,2
1993-03-13,142.3515,-8.942499999999999,7.0,1.0,2
1993-05-15,85.6165,-5.9355,4.0,1.0,2
1963-03-16,99.32300000000001,-8.59,3.0,1.0,2
2003-10-25,146.808,-5.5525,5.5,0.0,2
2003-11-01,146.808,-5.5525,5.5,0.0,2
2003-11-08,146.808,-5.5525,5.5,0.0,2
2006-02-11,107.29249999999999,-5.506,8.0,1.0,2
2006-02-18,107.29249999999999,-5.506,8.0,1.0,2
1991-11-23,113.6265,-8.8355,8.0,0.5,2
1991-11-16,113.6265,-8.8355,8.0,0.5,2
1991-11-09,113.6265,-8.8355,8.0,0.5,2
1991-11-02,113.6265,-8.8355,8.0,0.5,2
1991-10-26,113.6265,-8.8355,8.0,0.5,2
1991-10-19,113.6265,-8.8355,8.0,0.5,2
1991-10-12,113.6265,-8.8355,8.0,0.5,2
1991-10-05,113.6265,-8.8355,8.0,0.5,2
1991-09-28,113.6265,-8.8355,8.0,0.5,2
1991-09-21,113.6265,-8.8355,8.0,0.5,2
1991-09-14,113.6265,-8.8355,8.0,0.5,2
1991-04-13,110.874,-8.243,1.5,0.5,2
1991-04-20,110.874,-8.243,1.5,0.5,2
1991-04-27,110.874,-8.243,1.5,0.5,2
1991-05-04,110.874,-8.243,1.5,0.5,2
1991-05-11,110.874,-8.243,1.5,0.5,2
2007-01-13,116.977,-5.197,10.0,0.5,2
1963-03-09,99.32300000000001,-8.59,3.0,1.0,2
1991-06-01,117.6685,-7.573,2.0,1.0,2
1991-07-27,111.12549999999999,-7.560499999999999,6.0,0.5,2
1991-08-03,111.12549999999999,-7.560499999999999,6.0,0.5,2
1991-08-10,111.12549999999999,-7.560499999999999,6.0,0.5,2
1991-08-24,113.6265,-8.8355,8.0,0.5,2
1991-08-31,113.6265,-8.8355,8.0,0.5,2
1991-09-07,113.6265,-8.8355,8.0,0.5,2
1991-06-08,117.6685,-7.573,2.0,1.0,2
1992-06-27,102.304,-10.160499999999999,1.5,0.5,2
1992-07-04,102.304,-10.160499999999999,1.5,0.5,2
1992-07-11,102.304,-10.160499999999999,1.5,0.5,2
2003-09-20,146.808,-5.5525,5.5,0.0,2
2003-09-13,146.808,-5.5525,5.5,0.0,2
1993-01-23,142.3515,-8.942499999999999,7.0,1.0,2
1993-01-30,142.3515,-8.942499999999999,7.0,1.0,2
1993-02-06,142.3515,-8.942499999999999,7.0,1.0,2
1993-02-13,142.3515,-8.942499999999999,7.0,1.0,2
1992-12-05,75.0215,-9.754999999999999,7.5,0.5,2
2003-09-06,146.808,-5.5525,5.5,0.0,2
1961-05-01,82.22399999999999,-17.575,10.0,1.0,2
1993-03-20,142.3515,-8.942499999999999,7.0,1.0,2
1993-03-27,142.3515,-8.942499999999999,7.0,1.0,2
1993-04-03,142.3515,-8.942499999999999,7.0,1.0,2
1993-05-01,85.6165,-5.9355,4.0,1.0,2
1993-05-08,85.6165,-5.9355,4.0,1.0,2
2003-08-30,146.808,-5.5525,5.5,0.0,2
1993-05-22,85.6165,-5.9355,4.0,1.0,2
1992-11-28,75.0215,-9.754999999999999,7.5,0.5,2
1992-11-14,75.0215,-9.754999999999999,7.5,0.5,2
1992-07-18,102.304,-10.160499999999999,1.5,0.5,2
1992-07-25,102.304,-10.160499999999999,1.5,0.5,2
1992-08-01,102.304,-10.160499999999999,1.5,0.5,2
1992-08-08,102.304,-10.160499999999999,1.5,0.5,2
1992-08-15,102.304,-10.160499999999999,1.5,0.5,2
1992-08-22,102.304,-10.160499999999999,1.5,0.5,2
1992-11-21,75.0215,-9.754999999999999,7.5,0.5,2
1992-08-29,102.304,-10.160499999999999,1.5,0.5,2
1992-09-12,102.304,-10.160499999999999,1.5,0.5,2
1963-03-02,99.32300000000001,-8.59,3.0,1.0,2
2003-10-18,146.808,-5.5525,5.5,0.0,2
2003-10-11,146.808,-5.5525,5.5,0.0,2
2003-10-04,146.808,-5.5525,5.5,0.0,2
2003-09-27,146.808,-5.5525,5.5,0.0,2
1992-09-05,102.304,-10.160499999999999,1.5,0.5,2
1961-05-08,82.22399999999999,-17.575,10.0,1.0,2
1995-06-10,104.86449999999999,-5.891,8.5,1.0,2
1973-04-07,169.71300000000002,-11.2585,5.5,1.0,2
1999-11-27,137.3275,-5.398,5.5,1.0,2
1962-09-29,133.6515,-9.4875,6.5,1.0,2
1962-10-06,133.6515,-9.4875,6.5,1.0,2
1962-10-13,133.6515,-9.4875,6.5,1.0,2
1962-10-20,139.21249999999998,-12.507000000000001,5.0,1.0,2
1999-12-04,137.3275,-5.398,5.5,1.0,2
1962-11-03,139.21249999999998,-12.507000000000001,5.0,1.0,2
1999-12-11,137.3275,-5.398,5.5,1.0,2
1999-12-18,137.3275,-5.398,5.5,1.0,2
1972-11-25,96.374,-11.53,4.5,0.5,2
1973-01-27,128.4395,-9.7015,2.0,1.0,2
2000-04-22,135.5125,-4.515000000000001,11.0,0.5,2
2000-04-29,135.5125,-4.515000000000001,11.0,0.5,2
2000-05-06,135.5125,-4.515000000000001,11.0,0.5,2
2000-05-13,135.5125,-4.515000000000001,11.0,0.5,2
2000-05-20,135.5125,-4.515000000000001,11.0,0.5,2
2000-05-27,135.5125,-4.515000000000001,11.0,0.5,2
2000-11-11,131.326,-4.6475,11.0,0.0,2
2000-11-04,131.326,-4.6475,11.0,0.0,2
2000-08-19,135.5125,-4.515000000000001,11.0,0.5,2
2000-08-12,135.5125,-4.515000000000001,11.0,0.5,2
2000-08-05,135.5125,-4.515000000000001,11.0,0.5,2
2000-07-29,135.5125,-4.515000000000001,11.0,0.5,2
1999-11-20,137.3275,-5.398,5.5,1.0,2
2000-07-22,135.5125,-4.515000000000001,11.0,0.5,2
2000-07-08,135.5125,-4.515000000000001,11.0,0.5,2
2000-07-01,135.5125,-4.515000000000001,11.0,0.5,2
2000-06-24,135.5125,-4.515000000000001,11.0,0.5,2
2000-06-17,135.5125,-4.515000000000001,11.0,0.5,2
2000-06-10,135.5125,-4.515000000000001,11.0,0.5,2
2000-06-03,135.5125,-4.515000000000001,11.0,0.5,2
2000-07-15,135.5125,-4.515000000000001,11.0,0.5,2
1999-11-13,137.3275,-5.398,5.5,1.0,2
1999-11-06,137.3275,-5.398,5.5,1.0,2
1962-08-11,114.59450000000001,-10.997,1.5,1.0,2
1998-02-07,122.1325,-11.710999999999999,3.0,1.0,2
1998-02-14,122.1325,-11.710999999999999,3.0,1.0,2
1962-06-23,103.2405,-15.477,3.5,1.0,2
1962-05-19,118.174,-11.6845,6.5,1.0,2
1998-08-08,123.0165,-9.108,1.0,1.0,2
1962-06-02,118.174,-11.6845,6.5,1.0,2
1998-01-31,122.1325,-11.710999999999999,3.0,1.0,2
1962-05-26,118.174,-11.6845,6.5,1.0,2
1998-06-13,123.0165,-9.108,1.0,1.0,2
1998-06-20,123.0165,-9.108,1.0,1.0,2
1998-06-27,123.0165,-9.108,1.0,1.0,2
1998-07-04,123.0165,-9.108,1.0,1.0,2
1998-07-11,123.0165,-9.108,1.0,1.0,2
1998-07-18,123.0165,-9.108,1.0,1.0,2
1998-06-06,123.0165,-9.108,1.0,1.0,2
2000-11-18,131.326,-4.6475,11.0,0.0,2
1962-05-12,118.174,-11.6845,6.5,1.0,2
1962-04-28,118.174,-11.6845,6.5,1.0,2
1962-08-04,114.59450000000001,-10.997,1.5,1.0,2
1962-07-28,114.59450000000001,-10.997,1.5,1.0,2
1962-07-21,114.59450000000001,-10.997,1.5,1.0,2
1962-07-14,114.59450000000001,-10.997,1.5,1.0,2
1962-07-07,114.59450000000001,-10.997,1.5,1.0,2
1962-06-30,114.59450000000001,-10.997,1.5,1.0,2
1962-05-05,118.174,-11.6845,6.5,1.0,2
1999-10-30,137.3275,-5.398,5.5,1.0,2
1999-10-16,137.3275,-5.398,5.5,1.0,2
1999-10-09,137.3275,-5.398,5.5,1.0,2
1999-10-02,137.3275,-5.398,5.5,1.0,2
1999-09-25,137.3275,-5.398,5.5,1.0,2
1999-09-18,137.3275,-5.398,5.5,1.0,2
1972-11-18,96.374,-11.53,4.5,0.5,2
1999-10-23,137.3275,-5.398,5.5,1.0,2
1973-04-14,169.71300000000002,-11.2585,5.5,1.0,2
2000-11-25,131.326,-4.6475,11.0,0.0,2
2000-12-09,88.848,-6.4815000000000005,7.5,0.5,2
1995-07-08,104.86449999999999,-5.891,8.5,1.0,2
1995-07-01,104.86449999999999,-5.891,8.5,1.0,2
1995-06-24,104.86449999999999,-5.891,8.5,1.0,2
1995-06-17,104.86449999999999,-5.891,8.5,1.0,2
1991-04-06,110.874,-8.243,1.5,0.5,2
1995-06-03,114.95599999999999,-8.7005,8.0,1.0,2
1995-05-27,114.95599999999999,-8.7005,8.0,1.0,2
2001-03-03,97.5,-5.147,7.0,0.5,2
2001-03-10,97.5,-5.147,7.0,0.5,2
2001-03-17,97.5,-5.147,7.0,0.5,2
1995-04-15,117.2135,-5.4505,8.5,1.0,2
2001-03-31,141.2755,-7.03,5.5,1.0,2
2001-04-28,148.172,-4.1885,6.5,0.5,2
2001-05-05,148.172,-4.1885,6.5,0.5,2
2001-05-12,148.172,-4.1885,6.5,0.5,2
2001-12-22,94.29249999999999,-7.0995,4.5,1.0,2
2001-12-29,91.6605,-6.484,3.5,1.0,2
1973-03-31,169.71300000000002,-11.2585,5.5,1.0,2
1973-03-24,169.71300000000002,-11.2585,5.5,1.0,2
1973-03-17,169.71300000000002,-11.2585,5.5,1.0,2
1973-03-10,169.71300000000002,-11.2585,5.5,1.0,2
1973-03-03,169.71300000000002,-11.2585,5.5,1.0,2
1973-02-17,128.4395,-9.7015,2.0,1.0,2
1995-07-15,104.86449999999999,-5.891,8.5,1.0,2
1973-02-10,128.4395,-9.7015,2.0,1.0,2
2002-03-09,97.9495,-6.258,1.0,0.5,2
2002-03-02,97.9495,-6.258,1.0,0.5,2
2002-02-23,97.9495,-6.258,1.0,0.5,2
2002-02-16,97.9495,-6.258,1.0,0.5,2
2002-02-09,97.9495,-6.258,1.0,0.5,2
2002-01-05,91.6605,-6.484,3.5,1.0,2
2002-03-16,97.9495,-6.258,1.0,0.5,2
1995-07-22,104.86449999999999,-5.891,8.5,1.0,2
1995-07-29,104.86449999999999,-5.891,8.5,1.0,2
1995-08-05,104.86449999999999,-5.891,8.5,1.0,2
1995-12-23,206.198,-8.6145,10.5,0.5,2
1995-12-30,206.198,-8.6145,10.5,0.5,2
1996-01-06,206.198,-8.6145,10.5,0.5,2
1996-01-13,206.198,-8.6145,10.5,0.5,2
1996-05-11,206.198,-8.6145,10.5,0.5,2
1996-05-18,206.198,-8.6145,10.5,0.5,2
1995-12-16,206.198,-8.6145,10.5,0.5,2
1996-05-25,206.198,-8.6145,10.5,0.5,2
1996-06-08,206.198,-8.6145,10.5,0.5,2
1996-06-15,206.198,-8.6145,10.5,0.5,2
1996-06-22,206.198,-8.6145,10.5,0.5,2
1996-06-29,206.198,-8.6145,10.5,0.5,2
2000-12-23,88.848,-6.4815000000000005,7.5,0.5,2
2000-12-16,88.848,-6.4815000000000005,7.5,0.5,2
1996-06-01,206.198,-8.6145,10.5,0.5,2
1973-02-03,128.4395,-9.7015,2.0,1.0,2
1995-12-09,206.198,-8.6145,10.5,0.5,2
1995-11-25,206.198,-8.6145,10.5,0.5,2
1995-08-12,104.2,-7.772,5.0,1.0,2
1995-08-19,104.2,-7.772,5.0,1.0,2
1995-08-26,104.2,-7.772,5.0,1.0,2
2001-02-10,88.848,-6.4815000000000005,7.5,0.5,2
2001-02-03,88.848,-6.4815000000000005,7.5,0.5,2
2001-01-27,88.848,-6.4815000000000005,7.5,0.5,2
1995-12-02,206.198,-8.6145,10.5,0.5,2
2001-01-20,88.848,-6.4815000000000005,7.5,0.5,2
2001-01-06,88.848,-6.4815000000000005,7.5,0.5,2
2000-12-30,88.848,-6.4815000000000005,7.5,0.5,2
1995-10-28,206.198,-8.6145,10.5,0.5,2
1995-11-04,206.198,-8.6145,10.5,0.5,2
1995-11-11,206.198,-8.6145,10.5,0.5,2
1995-11-18,206.198,-8.6145,10.5,0.5,2
2001-01-13,88.848,-6.4815000000000005,7.5,0.5,2
1991-03-30,110.874,-8.243,1.5,0.5,2
1998-08-01,123.0165,-9.108,1.0,1.0,2
1991-03-16,110.874,-8.243,1.5,0.5,2
1959-02-23,106.7205,-13.099499999999999,10.5,1.0,2
2010-03-06,113.9985,-5.303,6.0,1.0,2
2010-02-27,113.9985,-5.303,6.0,1.0,2
2010-02-20,113.9985,-5.303,6.0,1.0,2
2010-02-13,113.9985,-5.303,6.0,1.0,2
1982-11-06,152.29500000000002,-10.8015,9.0,0.5,2
1988-01-23,120.478,-6.709,2.5,1.0,2
1988-01-16,120.478,-6.709,2.5,1.0,2
1988-01-09,120.478,-6.709,2.5,1.0,2
1969-10-25,198.54149999999998,-13.252,6.5,1.0,2
1991-03-23,110.874,-8.243,1.5,0.5,2
1984-04-21,145.226,-13.408000000000001,4.5,0.5,2
1969-11-08,142.976,-13.287500000000001,6.5,1.0,2
1969-11-15,142.976,-13.287500000000001,6.5,1.0,2
2008-10-25,112.66,-3.6835000000000004,6.0,1.0,2
2008-11-01,112.66,-3.6835000000000004,6.0,1.0,2
1987-12-12,106.211,-9.2605,4.0,0.5,2
1969-11-22,142.976,-13.287500000000001,6.5,1.0,2
1969-11-29,142.976,-13.287500000000001,6.5,1.0,2
1969-12-06,142.976,-13.287500000000001,6.5,1.0,2
1969-12-13,142.976,-13.287500000000001,6.5,1.0,2
1959-03-02,106.7205,-13.099499999999999,10.5,1.0,2
2010-01-30,113.9985,-5.303,6.0,1.0,2
1975-04-26,144.4235,-11.861,5.5,1.0,2
1959-03-16,145.251,-12.357,5.5,1.0,2
1968-11-30,104.145,-12.697500000000002,7.5,1.0,2
1987-12-05,106.211,-9.2605,4.0,0.5,2
1968-12-07,104.145,-12.697500000000002,7.5,1.0,2
1968-12-21,104.145,-12.697500000000002,7.5,1.0,2
2010-05-01,101.52000000000001,-5.6865000000000006,6.5,1.0,2
1985-04-06,128.1115,-8.858,1.5,1.0,2
2010-04-24,101.52000000000001,-5.6865000000000006,6.5,1.0,2
2007-12-15,145.21050000000002,-6.5584999999999996,9.0,0.5,2
1981-03-14,181.3025,-10.405000000000001,4.5,1.0,2
1965-10-02,121.905,-10.446,8.0,0.5,2
1965-10-09,121.905,-10.446,8.0,0.5,2
1988-08-20,107.24,-6.037,8.0,0.5,2
1988-08-13,107.24,-6.037,8.0,0.5,2
2007-12-22,145.21050000000002,-6.5584999999999996,9.0,0.5,2
2007-12-29,145.21050000000002,-6.5584999999999996,9.0,0.5,2
2008-01-05,145.21050000000002,-6.5584999999999996,9.0,0.5,2
2008-01-12,145.21050000000002,-6.5584999999999996,9.0,0.5,2
2008-01-19,145.21050000000002,-6.5584999999999996,9.0,0.5,2
2008-01-26,145.21050000000002,-6.5584999999999996,9.0,0.5,2
2008-02-02,145.21050000000002,-6.5584999999999996,9.0,0.5,2
2008-02-09,145.21050000000002,-6.5584999999999996,9.0,0.5,2
2008-02-16,145.21050000000002,-6.5584999999999996,9.0,0.5,2
2008-02-23,145.21050000000002,-6.5584999999999996,9.0,0.5,2
1969-02-01,104.145,-12.697500000000002,7.5,1.0,2
1969-01-25,104.145,-12.697500000000002,7.5,1.0,2
1969-01-18,104.145,-12.697500000000002,7.5,1.0,2
1969-01-11,104.145,-12.697500000000002,7.5,1.0,2
1969-01-04,104.145,-12.697500000000002,7.5,1.0,2
1968-12-28,104.145,-12.697500000000002,7.5,1.0,2
1968-12-14,104.145,-12.697500000000002,7.5,1.0,2
1983-09-24,99.78649999999999,-8.8055,7.0,1.0,2
1987-11-28,106.211,-9.2605,4.0,0.5,2
1975-05-03,144.4235,-11.861,5.5,1.0,2
2009-10-24,150.0095,-4.852,1.5,1.0,2
1986-08-02,123.4605,-3.968,5.0,0.0,2
1986-07-26,123.4605,-3.968,5.0,0.0,2
1971-06-26,169.6045,-8.843499999999999,9.0,0.5,2
1971-06-19,169.6045,-8.843499999999999,9.0,0.5,2
1986-06-28,105.20949999999999,-4.575,2.5,0.5,2
1971-06-12,169.6045,-8.843499999999999,9.0,0.5,2
1986-04-26,108.539,-8.401,0.0,1.0,2
1986-04-19,108.539,-8.401,0.0,1.0,2
1986-04-12,108.539,-8.401,0.0,1.0,2
1986-04-05,108.539,-8.401,0.0,1.0,2
1986-03-29,108.539,-8.401,0.0,1.0,2
1986-03-22,108.539,-8.401,0.0,1.0,2
1986-03-15,108.539,-8.401,0.0,1.0,2
1967-07-22,122.3645,-14.936,0.0,1.0,2
1967-07-29,122.3645,-14.936,0.0,1.0,2
1967-08-05,122.3645,-14.936,0.0,1.0,2
1982-01-30,113.1995,-8.769,8.0,0.5,2
1985-03-02,128.1115,-8.858,1.5,1.0,2
1985-03-09,128.1115,-8.858,1.5,1.0,2
1985-03-16,128.1115,-8.858,1.5,1.0,2
1985-03-23,128.1115,-8.858,1.5,1.0,2
2009-09-19,127.2595,-7.3745,2.5,1.0,2
2009-09-26,127.2595,-7.3745,2.5,1.0,2
1985-04-13,128.1115,-8.858,1.5,1.0,2
1967-12-09,120.381,-9.518,1.0,1.0,2
1987-11-21,106.211,-9.2605,4.0,0.5,2
1967-12-16,120.381,-9.518,1.0,1.0,2
1967-12-30,120.381,-9.518,1.0,1.0,2
2010-01-02,113.9985,-5.303,6.0,1.0,2
1975-05-10,144.4235,-11.861,5.5,1.0,2
1965-10-16,121.905,-10.446,8.0,0.5,2
1965-10-23,121.905,-10.446,8.0,0.5,2
1975-05-17,144.4235,-11.861,5.5,1.0,2
1965-10-30,121.905,-10.446,8.0,0.5,2
1965-11-06,121.905,-10.446,8.0,0.5,2
1981-04-25,189.8,-10.0875,0.0,0.5,2
1959-04-27,182.435,-9.8955,4.5,1.0,2
1981-05-02,189.8,-10.0875,0.0,0.5,2
1981-05-09,189.8,-10.0875,0.0,0.5,2
1981-05-16,189.8,-10.0875,0.0,0.5,2
1981-05-23,189.8,-10.0875,0.0,0.5,2
1981-05-30,189.8,-10.0875,0.0,0.5,2
1981-06-06,189.8,-10.0875,0.0,0.5,2
1981-06-13,189.8,-10.0875,0.0,0.5,2
1986-11-08,120.584,-8.059,6.5,0.0,2
1986-11-01,120.584,-8.059,6.5,0.0,2
2008-11-08,112.66,-3.6835000000000004,6.0,1.0,2
2009-11-21,150.0095,-4.852,1.5,1.0,2
2008-12-27,149.981,-5.0665,11.0,0.5,2
2009-11-14,150.0095,-4.852,1.5,1.0,2
2009-11-07,150.0095,-4.852,1.5,1.0,2
2009-10-31,150.0095,-4.852,1.5,1.0,2
1968-01-06,120.381,-9.518,1.0,1.0,2
1967-12-23,120.381,-9.518,1.0,1.0,2
1983-09-17,99.78649999999999,-8.8055,7.0,1.0,2
2007-12-08,145.21050000000002,-6.5584999999999996,9.0,0.5,2
1988-11-19,145.01549999999997,-3.29,6.5,1.0,2
1990-09-29,152.498,-6.4165,7.0,0.5,2
1990-09-22,152.498,-6.4165,7.0,0.5,2
1990-09-15,152.498,-6.4165,7.0,0.5,2
1990-09-08,152.498,-6.4165,7.0,0.5,2
1969-09-13,118.447,-7.932,8.0,0.5,2
1969-09-06,118.447,-7.932,8.0,0.5,2
1969-08-30,118.447,-7.932,8.0,0.5,2
1969-08-23,118.447,-7.932,8.0,0.5,2
1964-01-25,103.3415,-9.5715,6.5,1.0,2
1964-02-01,103.3415,-9.5715,6.5,1.0,2
1964-02-08,103.3415,-9.5715,6.5,1.0,2
1964-02-15,103.3415,-9.5715,6.5,1.0,2
1990-10-06,152.498,-6.4165,7.0,0.5,2
1964-02-22,103.3415,-9.5715,6.5,1.0,2
1990-05-26,116.173,-7.649,6.0,1.0,2
1990-05-19,116.173,-7.649,6.0,1.0,2
1990-05-12,116.173,-7.649,6.0,1.0,2
1990-05-05,116.173,-7.649,6.0,1.0,2
1990-04-28,116.173,-7.649,6.0,1.0,2
1990-04-21,116.173,-7.649,6.0,1.0,2
1990-04-14,116.173,-7.649,6.0,1.0,2
1990-04-07,116.173,-7.649,6.0,1.0,2
1990-03-31,116.173,-7.649,6.0,1.0,2
2007-08-25,128.25400000000002,-7.1835,2.5,0.5,2
1969-08-16,118.447,-7.932,8.0,0.5,2
1990-03-10,138.288,-8.568,6.0,0.5,2
1964-02-29,103.3415,-9.5715,6.5,1.0,2
1990-10-13,152.498,-6.4165,7.0,0.5,2
1990-10-20,152.498,-6.4165,7.0,0.5,2
1990-10-27,152.498,-6.4165,7.0,0.5,2
1991-03-09,110.874,-8.243,1.5,0.5,2
2007-01-20,116.977,-5.197,10.0,0.5,2
2007-01-27,116.977,-5.197,10.0,0.5,2
2010-06-19,101.52000000000001,-5.6865000000000006,6.5,1.0,2
2010-06-12,101.52000000000001,-5.6865000000000006,6.5,1.0,2
1983-04-02,112.173,-7.114000000000001,9.0,1.0,2
1969-10-18,198.54149999999998,-13.252,6.5,1.0,2
1998-07-25,123.0165,-9.108,1.0,1.0,2
2007-07-14,128.25400000000002,-7.1835,2.5,0.5,2
1975-03-01,155.1295,-11.763,10.0,1.0,2
1975-03-08,155.1295,-11.763,10.0,1.0,2
1969-09-20,118.447,-7.932,8.0,0.5,2
1983-05-14,124.845,-11.2945,7.0,0.5,2
1983-05-21,124.845,-11.2945,7.0,0.5,2
1983-05-28,124.845,-11.2945,7.0,0.5,2
2007-07-21,128.25400000000002,-7.1835,2.5,0.5,2
2007-07-28,128.25400000000002,-7.1835,2.5,0.5,2
2007-08-04,128.25400000000002,-7.1835,2.5,0.5,2
1983-06-04,124.845,-11.2945,7.0,0.5,2
1972-05-20,145.817,-10.38,0.0,1.0,2
2007-08-11,128.25400000000002,-7.1835,2.5,0.5,2
2007-08-18,128.25400000000002,-7.1835,2.5,0.5,2
1990-12-01,152.498,-6.4165,7.0,0.5,2
1990-11-24,152.498,-6.4165,7.0,0.5,2
1990-11-17,152.498,-6.4165,7.0,0.5,2
1990-11-10,152.498,-6.4165,7.0,0.5,2
1990-11-03,152.498,-6.4165,7.0,0.5,2
1981-01-24,149.6575,-10.642,4.5,1.0,2
1990-02-03,120.4445,-7.007,6.0,0.5,2
1964-03-07,103.3415,-9.5715,6.5,1.0,2
1990-01-20,120.4445,-7.007,6.0,0.5,2
1980-12-13,149.6575,-10.642,4.5,1.0,2
1990-01-27,120.4445,-7.007,6.0,0.5,2
1969-07-26,118.447,-7.932,8.0,0.5,2
1965-01-02,119.23249999999999,-8.983,3.0,1.0,2
1965-01-09,119.23249999999999,-8.983,3.0,1.0,2
1980-12-20,149.6575,-10.642,4.5,1.0,2
1980-12-27,149.6575,-10.642,4.5,1.0,2
1981-01-03,149.6575,-10.642,4.5,1.0,2
1965-02-06,122.5285,-10.081499999999998,4.5,1.0,2
1965-02-13,122.5285,-10.081499999999998,4.5,1.0,2
1965-02-20,122.5285,-10.081499999999998,4.5,1.0,2
1980-12-06,149.6575,-10.642,4.5,1.0,2
1965-02-27,122.5285,-10.081499999999998,4.5,1.0,2
1965-03-13,116.87950000000001,-9.459499999999998,6.5,1.0,2
1981-01-10,149.6575,-10.642,4.5,1.0,2
1981-01-17,149.6575,-10.642,4.5,1.0,2
1983-08-27,99.78649999999999,-8.8055,7.0,1.0,2
1983-09-03,99.78649999999999,-8.8055,7.0,1.0,2
1983-09-10,99.78649999999999,-8.8055,7.0,1.0,2
1965-04-24,95.51599999999999,-11.1495,5.0,0.5,2
1965-05-01,95.51599999999999,-11.1495,5.0,0.5,2
1965-05-08,95.51599999999999,-11.1495,5.0,0.5,2
1988-12-03,145.01549999999997,-3.29,6.5,1.0,2
1988-11-26,145.01549999999997,-3.29,6.5,1.0,2
1965-03-06,116.87950000000001,-9.459499999999998,6.5,1.0,2
1980-11-29,149.6575,-10.642,4.5,1.0,2
1964-12-26,119.23249999999999,-8.983,3.0,1.0,2
1964-10-31,86.613,-10.436499999999999,7.0,1.0,2
1990-01-13,120.4445,-7.007,6.0,0.5,2
1990-01-06,120.4445,-7.007,6.0,0.5,2
1989-12-30,120.4445,-7.007,6.0,0.5,2
1989-12-23,120.4445,-7.007,6.0,0.5,2
1989-12-16,120.4445,-7.007,6.0,0.5,2
1989-12-09,120.4445,-7.007,6.0,0.5,2
1989-12-02,120.4445,-7.007,6.0,0.5,2
1989-11-25,120.4445,-7.007,6.0,0.5,2
1972-03-04,161.92849999999999,-15.9665,9.0,1.0,2
1972-02-26,161.92849999999999,-15.9665,9.0,1.0,2
1980-11-22,149.6575,-10.642,4.5,1.0,2
1964-08-29,78.5445,-13.0915,7.0,1.0,2
1969-08-09,118.447,-7.932,8.0,0.5,2
1964-08-22,78.5445,-13.0915,7.0,1.0,2
1972-02-12,161.92849999999999,-15.9665,9.0,1.0,2
1964-10-24,86.613,-10.436499999999999,7.0,1.0,2
1964-10-17,86.613,-10.436499999999999,7.0,1.0,2
1972-02-19,161.92849999999999,-15.9665,9.0,1.0,2
1964-10-10,78.5445,-13.0915,7.0,1.0,2
1985-03-30,128.1115,-8.858,1.5,1.0,2
1969-08-02,118.447,-7.932,8.0,0.5,2
1964-10-03,78.5445,-13.0915,7.0,1.0,2
1964-09-26,78.5445,-13.0915,7.0,1.0,2
1962-04-14,133.43,-13.979666666666667,4.333333333333333,1.0,3
1959-05-04,153.606,-12.218666666666666,6.333333333333333,1.0,3
1962-04-21,133.42999999999998,-13.979666666666667,4.333333333333333,1.0,3
1959-05-18,153.606,-12.218666666666666,6.333333333333333,1.0,3
1975-03-29,158.758,-11.117666666666667,7.333333333333333,1.0,3
1975-03-22,158.758,-11.117666666666667,7.333333333333333,1.0,3
1975-04-19,158.758,-11.117666666666667,7.333333333333333,1.0,3
1975-04-12,158.758,-11.117666666666667,7.333333333333333,1.0,3
1975-03-15,158.758,-11.117666666666667,7.333333333333333,1.0,3
1975-04-05,158.758,-11.117666666666667,7.333333333333333,1.0,3
1959-05-11,153.606,-12.218666666666666,6.333333333333333,1.0,3
2002-02-02,93.12966666666667,-6.887666666666667,2.3333333333333335,0.6666666666666666,3
1959-06-01,153.606,-12.218666666666666,6.333333333333333,1.0,3
1959-07-13,115.61866666666667,-12.334999999999999,9.666666666666666,1.0,3
1959-07-06,153.606,-12.218666666666666,6.333333333333333,1.0,3
1959-06-29,153.606,-12.218666666666666,6.333333333333333,1.0,3
1959-06-22,153.606,-12.218666666666666,6.333333333333333,1.0,3
1959-06-15,153.606,-12.218666666666666,6.333333333333333,1.0,3
1959-06-08,153.606,-12.218666666666666,6.333333333333333,1.0,3
1961-02-13,81.84433333333334,-10.769,6.0,1.0,3
1961-02-20,81.84433333333334,-10.769,6.0,1.0,3
1961-02-27,81.84433333333334,-10.769,6.0,1.0,3
2008-03-01,140.13733333333334,-6.224999999999999,9.666666666666666,0.3333333333333333,3
2008-03-08,140.13733333333334,-6.224999999999999,9.666666666666666,0.3333333333333333,3
2008-03-22,129.365,-5.151666666666666,7.333333333333333,0.3333333333333333,3
2008-03-29,129.365,-5.151666666666666,7.333333333333333,0.3333333333333333,3
2008-04-05,129.365,-5.151666666666666,7.333333333333333,0.3333333333333333,3
2008-04-12,129.365,-5.151666666666666,7.333333333333333,0.3333333333333333,3
2008-04-19,129.365,-5.151666666666666,7.333333333333333,0.3333333333333333,3
2008-04-26,129.365,-5.151666666666666,7.333333333333333,0.3333333333333333,3
1959-07-20,115.61866666666667,-12.334999999999999,9.666666666666666,1.0,3
1959-09-14,134.335,-8.888666666666667,7.0,1.0,3
1959-09-07,134.335,-8.888666666666667,7.0,1.0,3
1959-08-31,134.335,-8.888666666666667,7.0,1.0,3
2007-04-14,137.75633333333334,-4.757666666666666,7.666666666666667,0.3333333333333333,3
2007-04-21,137.75633333333334,-4.757666666666666,7.666666666666667,0.3333333333333333,3
2007-04-28,137.75633333333334,-4.757666666666666,7.666666666666667,0.3333333333333333,3
2007-01-06,121.33966666666667,-5.957000000000001,10.333333333333334,0.6666666666666666,3
2006-12-16,109.029,-6.675999999999999,7.0,1.0,3
2006-12-09,109.029,-6.675999999999999,7.0,1.0,3
2006-12-02,109.029,-6.675999999999999,7.0,1.0,3
2006-11-25,109.029,-6.675999999999999,7.0,1.0,3
2008-05-03,129.365,-5.151666666666666,7.333333333333333,0.3333333333333333,3
2006-03-11,117.96300000000001,-4.979,7.333333333333333,0.6666666666666666,3
2006-02-25,117.96300000000001,-4.979,7.333333333333333,0.6666666666666666,3
2006-02-04,105.22166666666665,-5.557333333333333,7.666666666666667,1.0,3
2006-01-28,105.22166666666665,-5.557333333333333,7.666666666666667,1.0,3
2003-11-22,132.57966666666667,-5.278333333333333,5.333333333333333,0.3333333333333333,3
2003-11-15,132.57966666666667,-5.278333333333333,5.333333333333333,0.3333333333333333,3
1959-07-27,115.61866666666667,-12.334999999999999,9.666666666666666,1.0,3
1959-08-17,134.335,-8.888666666666667,7.0,1.0,3
1959-08-24,134.335,-8.888666666666667,7.0,1.0,3
2006-03-04,117.96300000000001,-4.979,7.333333333333333,0.6666666666666666,3
1959-05-25,153.606,-12.218666666666666,6.333333333333333,1.0,3
2008-08-16,131.09666666666666,-4.107,5.333333333333333,0.6666666666666666,3
2008-08-30,131.09666666666666,-4.107,5.333333333333333,0.6666666666666666,3
2001-03-24,128.84933333333333,-5.620333333333334,7.0,0.6666666666666666,3
2001-02-24,93.89766666666667,-5.254666666666666,8.333333333333334,0.3333333333333333,3
2008-11-15,124.43299999999999,-3.8023333333333333,7.666666666666667,0.6666666666666666,3
2009-01-03,128.82033333333334,-7.152,8.333333333333334,0.6666666666666666,3
2009-01-24,128.82033333333334,-7.152,8.333333333333334,0.6666666666666666,3
2001-02-17,93.89766666666667,-5.254666666666666,8.333333333333334,0.3333333333333333,3
2009-03-21,124.79866666666665,-7.789666666666666,7.666666666666667,1.0,3
2009-03-28,124.79866666666665,-7.789666666666666,7.666666666666667,1.0,3
2009-04-04,124.79866666666665,-7.789666666666666,7.666666666666667,1.0,3
2009-04-11,124.79866666666665,-7.789666666666666,7.666666666666667,1.0,3
2009-04-18,124.79866666666665,-7.789666666666666,7.666666666666667,1.0,3
2009-04-25,124.79866666666665,-7.789666666666666,7.666666666666667,1.0,3
2009-07-18,109.48,-7.191,8.0,0.6666666666666666,3
2009-07-25,109.48,-7.191,8.0,0.6666666666666666,3
2009-08-15,109.48,-7.191,8.0,0.6666666666666666,3
2009-08-22,109.48,-7.191,8.0,0.6666666666666666,3
2009-08-29,109.48,-7.191,8.0,0.6666666666666666,3
2001-04-07,129.11566666666667,-5.29,5.666666666666667,0.6666666666666666,3
2001-04-14,129.11566666666667,-5.29,5.666666666666667,0.6666666666666666,3
2001-04-21,129.11566666666667,-5.29,5.666666666666667,0.6666666666666666,3
2001-10-27,94.223,-6.468333333333334,5.333333333333333,1.0,3
2008-09-06,131.09666666666666,-4.107,5.333333333333333,0.6666666666666666,3
2008-09-13,131.09666666666666,-4.107,5.333333333333333,0.6666666666666666,3
1973-02-24,153.079,-9.747,5.0,1.0,3
2008-09-20,131.09666666666666,-4.107,5.333333333333333,0.6666666666666666,3
2008-09-27,131.09666666666666,-4.107,5.333333333333333,0.6666666666666666,3
2008-10-04,131.09666666666666,-4.107,5.333333333333333,0.6666666666666666,3
2008-10-11,131.09666666666666,-4.107,5.333333333333333,0.6666666666666666,3
2008-10-18,131.09666666666666,-4.107,5.333333333333333,0.6666666666666666,3
2008-08-23,131.09666666666666,-4.107,5.333333333333333,0.6666666666666666,3
2002-01-26,93.12966666666667,-6.887666666666667,2.3333333333333335,0.6666666666666666,3
2002-01-12,93.12966666666667,-6.887666666666667,2.3333333333333335,0.6666666666666666,3
2001-12-15,94.223,-6.468333333333334,5.333333333333333,1.0,3
2001-12-08,94.223,-6.468333333333334,5.333333333333333,1.0,3
2001-12-01,94.223,-6.468333333333334,5.333333333333333,1.0,3
2001-11-24,94.223,-6.468333333333334,5.333333333333333,1.0,3
2001-11-17,94.223,-6.468333333333334,5.333333333333333,1.0,3
2001-11-10,94.223,-6.468333333333334,5.333333333333333,1.0,3
2001-11-03,94.223,-6.468333333333334,5.333333333333333,1.0,3
2002-01-19,93.12966666666667,-6.887666666666667,2.3333333333333335,0.6666666666666666,3
2007-05-05,137.75633333333334,-4.757666666666666,7.666666666666667,0.3333333333333333,3
1995-02-25,105.718,-6.794666666666667,8.0,0.6666666666666666,3
1962-06-16,111.91866666666665,-12.906666666666666,4.333333333333333,1.0,3
1994-12-10,105.718,-6.794666666666667,8.0,0.6666666666666666,3
1994-12-03,105.718,-6.794666666666667,8.0,0.6666666666666666,3
1994-11-26,105.718,-6.794666666666667,8.0,0.6666666666666666,3
1987-12-19,108.59366666666666,-8.757,3.0,0.6666666666666666,3
1994-11-12,94.92166666666667,-6.618333333333333,8.666666666666666,0.6666666666666666,3
1994-11-05,94.92166666666667,-6.618333333333333,8.666666666666666,0.6666666666666666,3
1994-10-29,94.92166666666667,-6.618333333333333,8.666666666666666,0.6666666666666666,3
1987-12-26,108.59366666666666,-8.757,3.0,0.6666666666666666,3
1994-12-17,105.718,-6.794666666666667,8.0,0.6666666666666666,3
1988-01-02,108.59366666666666,-8.757,3.0,0.6666666666666666,3
1994-05-21,163.25233333333333,-6.171666666666667,5.0,0.3333333333333333,3
1962-12-22,116.80933333333333,-9.781,2.6666666666666665,1.0,3
1988-06-18,95.90233333333333,-6.263000000000001,5.666666666666667,0.6666666666666666,3
1988-07-23,115.26633333333332,-5.639,7.0,0.6666666666666666,3
1988-07-30,115.26633333333332,-5.639,7.0,0.6666666666666666,3
1988-08-06,115.26633333333332,-5.639,7.0,0.6666666666666666,3
1981-03-07,171.44033333333334,-10.577333333333334,3.0,1.0,3
1981-02-28,171.44033333333334,-10.577333333333334,3.0,1.0,3
1988-01-30,105.68400000000001,-6.393666666666667,2.3333333333333335,1.0,3
1994-12-24,105.718,-6.794666666666667,8.0,0.6666666666666666,3
1994-12-31,105.718,-6.794666666666667,8.0,0.6666666666666666,3
1995-01-07,105.718,-6.794666666666667,8.0,0.6666666666666666,3
1995-03-04,105.718,-6.794666666666667,8.0,0.6666666666666666,3
1972-07-08,166.39266666666666,-9.907333333333334,1.3333333333333333,0.6666666666666666,3
1986-08-16,121.03866666666666,-6.565666666666666,6.0,0.0,3
1986-08-23,121.03866666666666,-6.565666666666666,6.0,0.0,3
1986-08-30,121.03866666666666,-6.565666666666666,6.0,0.0,3
1986-09-06,121.03866666666666,-6.565666666666666,6.0,0.0,3
1986-09-13,121.03866666666666,-6.565666666666666,6.0,0.0,3
1986-09-20,121.03866666666666,-6.565666666666666,6.0,0.0,3
1986-09-27,121.03866666666666,-6.565666666666666,6.0,0.0,3
1986-10-04,121.03866666666666,-6.565666666666666,6.0,0.0,3
1986-10-11,121.03866666666666,-6.565666666666666,6.0,0.0,3
1986-10-18,121.03866666666666,-6.565666666666666,6.0,0.0,3
1986-10-25,121.03866666666666,-6.565666666666666,6.0,0.0,3
1995-02-18,105.718,-6.794666666666667,8.0,0.6666666666666666,3
1995-02-11,105.718,-6.794666666666667,8.0,0.6666666666666666,3
1995-02-04,105.718,-6.794666666666667,8.0,0.6666666666666666,3
1995-01-28,105.718,-6.794666666666667,8.0,0.6666666666666666,3
1995-01-21,105.718,-6.794666666666667,8.0,0.6666666666666666,3
1995-01-14,105.718,-6.794666666666667,8.0,0.6666666666666666,3
1981-02-21,171.44033333333334,-10.577333333333334,3.0,1.0,3
1981-02-14,171.44033333333334,-10.577333333333334,3.0,1.0,3
1981-02-07,171.44033333333334,-10.577333333333334,3.0,1.0,3
1981-01-31,171.44033333333334,-10.577333333333334,3.0,1.0,3
1963-02-23,95.996,-8.664333333333333,4.0,1.0,3
1963-03-23,105.13666666666666,-9.556666666666667,3.6666666666666665,1.0,3
1972-07-01,166.39266666666666,-9.907333333333334,1.3333333333333333,0.6666666666666666,3
1972-06-24,166.39266666666666,-9.907333333333334,1.3333333333333333,0.6666666666666666,3
1972-06-17,166.39266666666666,-9.907333333333334,1.3333333333333333,0.6666666666666666,3
1972-06-10,166.39266666666666,-9.907333333333334,1.3333333333333333,0.6666666666666666,3
1991-05-18,115.69733333333333,-8.151333333333334,1.3333333333333333,0.6666666666666666,3
1991-05-25,115.69733333333333,-8.151333333333334,1.3333333333333333,0.6666666666666666,3
1991-06-15,115.865,-7.696333333333333,4.333333333333333,0.6666666666666666,3
1991-06-22,115.865,-7.696333333333333,4.333333333333333,0.6666666666666666,3
1991-06-29,115.865,-7.696333333333333,4.333333333333333,0.6666666666666666,3
1991-07-06,115.865,-7.696333333333333,4.333333333333333,0.6666666666666666,3
1991-07-13,115.865,-7.696333333333333,4.333333333333333,0.6666666666666666,3
1991-07-20,115.865,-7.696333333333333,4.333333333333333,0.6666666666666666,3
1963-05-18,125.01566666666668,-9.374,7.666666666666667,1.0,3
1963-05-11,125.01566666666668,-9.374,7.666666666666667,1.0,3
1972-05-27,166.39266666666666,-9.907333333333334,1.3333333333333333,0.6666666666666666,3
1972-06-03,166.39266666666666,-9.907333333333334,1.3333333333333333,0.6666666666666666,3
1962-06-09,111.91866666666665,-12.906666666666666,4.333333333333333,1.0,3
1963-02-16,95.996,-8.664333333333333,4.0,1.0,3
1995-03-11,105.718,-6.794666666666667,8.0,0.6666666666666666,3
1963-02-09,95.996,-8.664333333333333,4.0,1.0,3
1993-02-27,124.01333333333334,-8.548,7.333333333333333,1.0,3
1965-04-17,103.58133333333335,-10.559333333333333,5.333333333333333,0.6666666666666666,3
1965-04-10,103.58133333333335,-10.559333333333333,5.333333333333333,0.6666666666666666,3
1965-04-03,103.58133333333335,-10.559333333333333,5.333333333333333,0.6666666666666666,3
1990-03-17,115.81733333333334,-7.318666666666666,5.666666666666667,0.6666666666666666,3
1990-03-24,115.81733333333334,-7.318666666666666,5.666666666666667,0.6666666666666666,3
1972-05-06,137.126,-8.730333333333334,2.0,1.0,3
1972-05-13,137.126,-8.730333333333334,2.0,1.0,3
1963-08-03,115.697,-8.287333333333335,8.0,1.0,3
1993-10-09,117.82,-7.971666666666667,7.0,1.0,3
1993-10-02,117.82,-7.971666666666667,7.0,1.0,3
1993-08-21,92.34566666666666,-5.272666666666667,5.666666666666667,1.0,3
1993-08-14,92.34566666666666,-5.272666666666667,5.666666666666667,1.0,3
1993-08-07,92.34566666666666,-5.272666666666667,5.666666666666667,1.0,3
1993-07-24,92.806,-6.303999999999999,3.0,1.0,3
1993-07-17,92.806,-6.303999999999999,3.0,1.0,3
1993-07-10,92.806,-6.303999999999999,3.0,1.0,3
1993-07-03,92.806,-6.303999999999999,3.0,1.0,3
1993-04-10,128.78766666666667,-7.877,5.333333333333333,1.0,3
1993-03-06,124.01333333333334,-8.548,7.333333333333333,1.0,3
1993-02-20,124.01333333333334,-8.548,7.333333333333333,1.0,3
1995-03-18,105.718,-6.794666666666667,8.0,0.6666666666666666,3
1988-02-06,105.68400000000001,-6.393666666666667,2.3333333333333335,1.0,3
1982-12-18,133.43,-8.334999999999999,9.0,0.6666666666666666,3
1985-05-25,125.64766666666667,-7.445666666666667,4.333333333333333,0.6666666666666666,3
1985-05-18,125.64766666666667,-7.445666666666667,4.333333333333333,0.6666666666666666,3
1969-09-27,141.34066666666666,-10.090000000000002,8.333333333333334,0.6666666666666666,3
1985-05-04,125.64766666666667,-7.445666666666667,4.333333333333333,0.6666666666666666,3
1985-04-27,125.64766666666667,-7.445666666666667,4.333333333333333,0.6666666666666666,3
1985-04-20,125.64766666666667,-7.445666666666667,4.333333333333333,0.6666666666666666,3
1967-11-11,124.69133333333333,-10.243,0.6666666666666666,1.0,3
1967-11-18,124.69133333333333,-10.243,0.6666666666666666,1.0,3
1967-11-25,124.69133333333333,-10.243,0.6666666666666666,1.0,3
1967-12-02,124.69133333333333,-10.243,0.6666666666666666,1.0,3
1984-09-29,131.213,-5.338,7.333333333333333,1.0,3
1984-09-22,131.213,-5.338,7.333333333333333,1.0,3
1997-09-27,100.07366666666667,-10.340666666666666,3.3333333333333335,0.6666666666666666,3
1997-10-04,100.07366666666667,-10.340666666666666,3.3333333333333335,0.6666666666666666,3
1997-10-11,100.07366666666667,-10.340666666666666,3.3333333333333335,0.6666666666666666,3
1969-10-11,170.90099999999998,-10.841666666666669,7.666666666666667,1.0,3
1969-10-04,141.34066666666666,-10.090000000000002,8.333333333333334,0.6666666666666666,3
1997-10-18,100.07366666666667,-10.340666666666666,3.3333333333333335,0.6666666666666666,3
1984-06-23,162.52166666666668,-7.552666666666667,5.333333333333333,1.0,3
1997-01-11,166.75566666666666,-7.925666666666667,9.333333333333334,0.6666666666666666,3
1982-12-11,133.43,-8.334999999999999,9.0,0.6666666666666666,3
1997-01-04,166.75566666666666,-7.925666666666667,9.333333333333334,0.6666666666666666,3
1996-12-28,166.75566666666666,-7.925666666666667,9.333333333333334,0.6666666666666666,3
1996-12-21,166.75566666666666,-7.925666666666667,9.333333333333334,0.6666666666666666,3
1996-12-14,166.75566666666666,-7.925666666666667,9.333333333333334,0.6666666666666666,3
1996-12-07,166.75566666666666,-7.925666666666667,9.333333333333334,0.6666666666666666,3
1996-11-30,166.75566666666666,-7.925666666666667,9.333333333333334,0.6666666666666666,3
1984-07-28,162.52166666666668,-7.552666666666667,5.333333333333333,1.0,3
1983-01-29,133.43,-8.334999999999999,9.0,0.6666666666666666,3
1985-06-01,125.64766666666667,-7.445666666666667,4.333333333333333,0.6666666666666666,3
1997-09-20,100.07366666666667,-10.340666666666666,3.3333333333333335,0.6666666666666666,3
1985-05-11,125.64766666666667,-7.445666666666667,4.333333333333333,0.6666666666666666,3
1985-06-08,125.64766666666667,-7.445666666666667,4.333333333333333,0.6666666666666666,3
1983-02-12,133.43,-8.334999999999999,9.0,0.6666666666666666,3
1995-04-22,115.46166666666666,-8.168,8.0,1.0,3
1995-04-29,115.46166666666666,-8.168,8.0,1.0,3
1995-05-06,115.46166666666666,-8.168,8.0,1.0,3
1995-05-13,115.46166666666666,-8.168,8.0,1.0,3
1995-05-20,115.46166666666666,-8.168,8.0,1.0,3
1995-09-02,168.05700000000002,-8.404333333333334,9.666666666666666,0.6666666666666666,3
1995-09-09,168.05700000000002,-8.404333333333334,9.666666666666666,0.6666666666666666,3
1962-11-10,132.86933333333334,-10.954,4.0,1.0,3
1997-09-13,100.07366666666667,-10.340666666666666,3.3333333333333335,0.6666666666666666,3
1962-11-17,132.86933333333334,-10.954,4.0,1.0,3
1962-11-24,132.86933333333334,-10.954,4.0,1.0,3
1982-12-04,133.43,-8.334999999999999,9.0,0.6666666666666666,3
1983-02-05,133.43,-8.334999999999999,9.0,0.6666666666666666,3
1995-10-14,168.05700000000002,-8.404333333333334,9.666666666666666,0.6666666666666666,3
1962-12-08,116.80933333333333,-9.781,2.6666666666666665,1.0,3
1962-12-15,116.80933333333333,-9.781,2.6666666666666665,1.0,3
1995-09-23,168.05700000000002,-8.404333333333334,9.666666666666666,0.6666666666666666,3
1986-08-09,121.03866666666666,-6.565666666666666,6.0,0.0,3
1995-09-30,168.05700000000002,-8.404333333333334,9.666666666666666,0.6666666666666666,3
1982-11-13,133.43,-8.334999999999999,9.0,0.6666666666666666,3
1982-11-27,133.43,-8.334999999999999,9.0,0.6666666666666666,3
1995-10-21,168.05700000000002,-8.404333333333334,9.666666666666666,0.6666666666666666,3
1972-08-05,161.61233333333334,-10.593666666666666,6.666666666666667,0.6666666666666666,3
1982-11-20,133.43,-8.334999999999999,9.0,0.6666666666666666,3
1995-10-07,168.05700000000002,-8.404333333333334,9.666666666666666,0.6666666666666666,3
1995-09-16,168.05700000000002,-8.404333333333334,9.666666666666666,0.6666666666666666,3
2006-12-23,113.75975,-5.9502500000000005,8.0,0.75,4
1983-01-22,145.75275,-8.48325,9.0,0.75,4
2006-12-30,126.22425,-5.277,8.25,0.5,4
1983-01-15,145.75275,-8.48325,9.0,0.75,4
2007-03-03,129.81775,-5.2235,8.0,0.5,4
2007-02-03,129.81775,-5.2235,8.0,0.5,4
1982-12-25,145.75275,-8.48325,9.0,0.75,4
2007-02-24,129.81775,-5.2235,8.0,0.5,4
2007-03-10,129.81775,-5.2235,8.0,0.5,4
2007-02-10,129.81775,-5.2235,8.0,0.5,4
1983-01-01,145.75275,-8.48325,9.0,0.75,4
1983-01-08,145.75275,-8.48325,9.0,0.75,4
2007-02-17,129.81775,-5.2235,8.0,0.5,4
2009-05-23,116.0885,-6.8815,8.25,0.75,4
2006-11-11,94.9495,-7.02725,7.25,1.0,4
1983-03-12,132.234,-8.95775,9.0,0.75,4
1983-03-05,132.234,-8.95775,9.0,0.75,4
2006-01-21,110.09975,-6.0385,6.0,0.75,4
2006-01-14,110.09975,-6.0385,6.0,0.75,4
2006-01-07,110.09975,-6.0385,6.0,0.75,4
2005-12-31,110.09975,-6.0385,6.0,0.75,4
2005-12-24,110.09975,-6.0385,6.0,0.75,4
2005-12-17,110.09975,-6.0385,6.0,0.75,4
2005-12-10,110.09975,-6.0385,6.0,0.75,4
2005-12-03,110.09975,-6.0385,6.0,0.75,4
2005-11-26,110.09975,-6.0385,6.0,0.75,4
2005-11-19,110.09975,-6.0385,6.0,0.75,4
2005-10-08,114.28975,-7.208500000000001,4.25,0.75,4
2005-10-01,114.28975,-7.2085,4.25,0.75,4
2005-01-29,120.42125000000001,-5.1035,4.5,0.25,4
1983-02-26,132.234,-8.95775,9.0,0.75,4
2005-01-15,120.42125000000001,-5.1035,4.5,0.25,4
1983-03-19,132.23399999999998,-8.95775,9.0,0.75,4
2006-11-18,115.27475,-6.5185,7.25,1.0,4
1983-03-26,132.23399999999998,-8.95775,9.0,0.75,4
2006-03-18,129.4785,-4.80375,5.5,0.5,4
2006-11-04,94.9495,-7.02725,7.25,1.0,4
2006-10-28,106.7775,-6.295,7.75,0.75,4
2006-10-21,106.7775,-6.295,7.75,0.75,4
2006-10-14,106.7775,-6.295,7.75,0.75,4
2006-10-07,106.7775,-6.295,7.75,0.75,4
2006-09-30,106.7775,-6.295,7.75,0.75,4
2006-06-17,127.3385,-4.994,6.25,0.25,4
2006-06-10,127.3385,-4.994,6.25,0.25,4
2006-05-27,129.47175,-4.22475,5.75,0.25,4
2006-05-20,129.47175,-4.22475,5.75,0.25,4
2006-05-13,129.47175,-4.22475,5.75,0.25,4
2006-05-06,129.47175,-4.22475,5.75,0.25,4
2006-04-22,129.47175,-4.22475,5.75,0.25,4
2006-04-15,129.47175,-4.22475,5.75,0.25,4
2006-04-08,129.47175,-4.22475,5.75,0.25,4
2006-04-01,129.47175,-4.22475,5.75,0.25,4
2006-03-25,129.4785,-4.80375,5.5,0.5,4
1963-05-25,120.78750000000001,-9.51325,8.25,1.0,4
2006-04-29,129.47175,-4.22475,5.75,0.25,4
1963-07-13,113.7985,-8.69825,8.5,1.0,4
2007-03-24,129.81775,-5.2235,8.0,0.5,4
1988-04-02,111.18299999999999,-7.35225,4.0,1.0,4
2008-07-19,130.06125,-4.5032499999999995,6.75,0.75,4
2008-07-26,130.06125,-4.5032499999999995,6.75,0.75,4
2008-08-02,130.06125,-4.5032499999999995,6.75,0.75,4
2008-08-09,130.06125,-4.5032499999999995,6.75,0.75,4
1988-03-26,111.18299999999999,-7.35225,4.0,1.0,4
1988-03-19,111.18299999999999,-7.35225,4.0,1.0,4
1988-03-12,111.18299999999999,-7.35225,4.0,1.0,4
1988-03-05,111.18299999999999,-7.35225,4.0,1.0,4
1988-02-27,111.18299999999999,-7.35225,4.0,1.0,4
1988-02-20,111.18299999999999,-7.35225,4.0,1.0,4
1988-02-13,111.18299999999999,-7.35225,4.0,1.0,4
2005-01-08,120.42125000000001,-5.1035,4.5,0.25,4
2009-08-08,115.09875,-7.15275,7.25,0.5,4
1988-04-09,111.18299999999999,-7.35225,4.0,1.0,4
2009-08-01,115.09875,-7.15275,7.25,0.5,4
2009-06-13,116.0885,-6.8815,8.25,0.75,4
2008-11-22,131.313,-4.48825,6.75,0.75,4
2008-12-13,131.3205,-4.375,8.5,0.75,4
2008-12-20,131.3205,-4.375,8.5,0.75,4
2009-01-10,119.10475,-6.40325,8.75,0.5,4
2009-01-17,119.10475,-6.40325,8.75,0.5,4
2009-01-31,130.59375,-6.85225,8.5,0.75,4
2009-02-07,130.59375,-6.85225,8.5,0.75,4
2009-02-14,130.59375,-6.85225,8.5,0.75,4
2009-02-28,130.59375,-6.85225,8.5,0.75,4
2009-03-07,130.59375,-6.85225,8.5,0.75,4
2009-03-14,116.01525,-7.848,6.25,1.0,4
2009-05-02,116.0885,-6.8815,8.25,0.75,4
2009-06-06,116.0885,-6.8815,8.25,0.75,4
2009-06-20,116.0885,-6.8815,8.25,0.75,4
1988-04-16,111.18299999999999,-7.35225,4.0,1.0,4
1988-04-23,111.18299999999999,-7.35225,4.0,1.0,4
1988-04-30,111.18299999999999,-7.35225,4.0,1.0,4
2007-04-07,129.81775,-5.2235,8.0,0.5,4
1963-06-29,113.7985,-8.69825,8.5,1.0,4
1963-07-06,113.7985,-8.69825,8.5,1.0,4
2007-05-12,136.315,-5.45875,7.0,0.25,4
2007-05-19,136.315,-5.45875,7.0,0.25,4
2007-05-26,136.315,-5.45875,7.0,0.25,4
2007-06-16,135.45625,-6.21675,4.25,0.5,4
2007-06-23,135.45625,-6.21675,4.25,0.5,4
2007-06-30,135.45625,-6.21675,4.25,0.5,4
2007-07-07,135.45625,-6.21675,4.25,0.5,4
2009-05-09,116.0885,-6.8815,8.25,0.75,4
1963-07-20,113.7985,-8.69825,8.5,1.0,4
1963-07-27,113.7985,-8.69825,8.5,1.0,4
1984-06-30,154.8885,-8.0205,6.75,1.0,4
1984-07-07,154.8885,-8.0205,6.75,1.0,4
1984-07-14,154.8885,-8.0205,6.75,1.0,4
1984-07-21,154.8885,-8.0205,6.75,1.0,4
2008-03-15,137.606,-6.02675,7.25,0.5,4
1988-06-04,103.84675,-7.25425,6.5,0.75,4
1984-09-15,149.721,-7.11725,5.5,1.0,4
1984-09-08,149.721,-7.11725,5.5,1.0,4
1988-06-11,103.84675,-7.25425,6.5,0.75,4
1984-09-01,149.721,-7.11725,5.5,1.0,4
2007-03-17,129.81775,-5.2235,8.0,0.5,4
1988-06-25,105.47375,-5.67,5.75,0.75,4
1988-07-09,105.47375,-5.67,5.75,0.75,4
1988-07-16,105.47375,-5.67,5.75,0.75,4
1984-08-25,149.721,-7.11725,5.5,1.0,4
1984-08-18,149.721,-7.11725,5.5,1.0,4
1984-08-11,149.721,-7.11725,5.5,1.0,4
1984-08-04,149.721,-7.11725,5.5,1.0,4
1988-07-02,105.47375,-5.67,5.75,0.75,4
2005-01-01,120.42125,-5.1035,4.5,0.25,4
2005-01-22,120.42125000000001,-5.1035,4.5,0.25,4
2004-12-18,120.42125,-5.1035,4.5,0.25,4
2001-05-19,118.64125,-4.96875,5.0,0.25,4
2001-05-26,118.64125,-4.96875,5.0,0.25,4
2001-06-02,118.64125,-4.96875,5.0,0.25,4
2001-06-09,118.64125,-4.96875,5.0,0.25,4
2001-06-16,118.64125,-4.96875,5.0,0.25,4
2001-06-23,118.64125,-4.96875,5.0,0.25,4
2001-06-30,118.64125,-4.96875,5.0,0.25,4
2001-10-06,91.9525,-6.1537500000000005,5.5,0.75,4
2001-10-13,91.9525,-6.1537500000000005,5.5,0.75,4
2001-10-20,91.9525,-6.1537500000000005,5.5,0.75,4
1994-11-19,100.3095,-6.7395,8.5,0.75,4
1994-06-04,152.91025,-6.5945,4.25,0.5,4
1994-05-28,152.91025,-6.5945,4.25,0.5,4
1994-03-26,130.8555,-11.74,2.5,0.75,4
1994-03-19,130.8555,-11.74,2.5,0.75,4
1994-03-12,130.8555,-11.74,2.5,0.75,4
1994-03-05,130.8555,-11.74,2.5,0.75,4
2003-12-13,140.94400000000002,-5.2655,5.75,0.5,4
2003-12-06,140.94400000000002,-5.2655,5.75,0.5,4
2003-11-29,140.94400000000002,-5.2655,5.75,0.5,4
1963-02-02,107.22274999999999,-9.66875,3.0,1.0,4
1959-08-10,124.73825,-10.88275,7.75,1.0,4
1993-07-31,96.0555,-5.71475,4.5,1.0,4
1995-03-25,108.777,-6.0455,8.25,0.75,4
1993-10-16,129.657,-11.543249999999999,6.5,0.75,4
1960-12-19,89.20525,-12.76425,2.75,1.0,4
2004-12-25,120.42125,-5.1035,4.5,0.25,4
1961-01-02,89.20525,-12.76425,2.75,1.0,4
1961-01-09,89.20525,-12.76425,2.75,1.0,4
1961-01-16,89.20525,-12.76425,2.75,1.0,4
1961-02-06,83.32275,-12.661999999999999,7.25,1.0,4
1960-12-12,89.20525,-12.76425,2.75,1.0,4
2004-01-24,149.07875,-6.3715,5.5,0.75,4
1995-04-01,108.777,-6.0455,8.25,0.75,4
1996-07-06,206.198,-8.6145,10.5,0.5,4
1998-01-24,108.833,-10.4095,3.75,0.75,4
1998-01-17,108.833,-10.4095,3.75,0.75,4
1998-01-10,108.833,-10.4095,3.75,0.75,4
1998-01-03,108.833,-10.4095,3.75,0.75,4
1997-12-27,108.833,-10.4095,3.75,0.75,4
1997-12-20,108.833,-10.4095,3.75,0.75,4
1997-12-13,108.833,-10.4095,3.75,0.75,4
1997-12-06,108.833,-10.4095,3.75,0.75,4
1997-11-29,108.833,-10.4095,3.75,0.75,4
1997-11-22,108.833,-10.4095,3.75,0.75,4
1997-11-15,108.833,-10.4095,3.75,0.75,4
1997-11-08,108.833,-10.4095,3.75,0.75,4
1997-11-01,108.833,-10.4095,3.75,0.75,4
1997-10-25,108.833,-10.4095,3.75,0.75,4
1962-12-01,121.9875,-10.418750000000001,4.5,1.0,4
1997-02-08,148.62525,-7.57025,8.0,0.5,4
1997-02-01,148.62525,-7.57025,8.0,0.5,4
1996-07-13,206.198,-8.6145,10.5,0.5,4
1996-07-20,206.198,-8.6145,10.5,0.5,4
1996-07-27,206.198,-8.6145,10.5,0.5,4
1996-08-03,206.198,-8.6145,10.5,0.5,4
1996-08-10,206.198,-8.6145,10.5,0.5,4
1996-08-17,206.198,-8.6145,10.5,0.5,4
1995-04-08,108.777,-6.0455,8.25,0.75,4
1996-08-24,206.198,-8.6145,10.5,0.5,4
2000-09-30,175.00775,-3.10625,5.75,0.25,4
2000-09-23,175.00775,-3.10625,5.75,0.25,4
2000-09-16,175.00775,-3.10625,5.75,0.25,4
2000-09-09,175.00775,-3.10625,5.75,0.25,4
1997-01-18,148.62525,-7.57025,8.0,0.5,4
1997-01-25,148.62525,-7.57025,8.0,0.5,4
2000-10-07,175.00775,-3.10625,5.75,0.25,4
2004-01-31,149.07875,-6.3715,5.5,0.75,4
1960-12-26,89.20525,-12.76425,2.75,1.0,4
1983-02-19,132.23399999999998,-8.95775,9.0,0.75,4
2004-12-11,120.42125,-5.1035,4.5,0.25,4
2004-10-02,108.832,-6.9375,6.75,0.5,4
2004-09-25,108.832,-6.9375,6.75,0.5,4
1988-05-14,105.7492,-7.353399999999999,5.4,0.8,5
1988-05-07,115.21019999999999,-6.8504000000000005,4.2,1.0,5
1994-06-18,156.6568,-6.0474000000000006,4.8,0.6,5
1994-06-25,156.6568,-6.0474000000000006,4.8,0.6,5
1994-07-02,156.6568,-6.0474000000000006,4.8,0.6,5
2008-05-10,122.68299999999999,-4.564400000000001,6.8,0.6,5
2008-05-17,122.68299999999999,-4.564400000000001,6.8,0.6,5
2008-05-24,122.68299999999999,-4.564400000000001,6.8,0.6,5
2008-05-31,122.68299999999999,-4.564400000000001,6.8,0.6,5
2008-07-12,130.0472,-4.7142,7.6,0.6,5
1996-11-23,182.5326,-8.2012,9.8,0.6,5
1988-05-21,105.7492,-7.353399999999999,5.4,0.8,5
1988-05-28,105.7492,-7.353399999999999,5.4,0.8,5
2004-10-09,113.0682,-6.5165999999999995,7.6,0.4,5
1996-11-16,182.5326,-8.2012,9.8,0.6,5
2004-09-18,104.1318,-6.2976,5.4,0.4,5
1994-02-26,137.71800000000002,-13.8436,3.0,0.6,5
1994-02-19,137.71800000000002,-13.8436,3.0,0.6,5
1994-02-12,137.71800000000002,-13.8436,3.0,0.6,5
1994-02-05,137.71800000000002,-13.8436,3.0,0.6,5
1994-01-29,137.71800000000002,-13.8436,3.0,0.6,5
1994-01-22,139.9378,-12.6714,4.2,0.6,5
2004-09-11,104.1318,-6.2976,5.4,0.4,5
2004-09-04,104.1318,-6.2976,5.4,0.4,5
1972-07-15,155.2942,-10.5082,4.0,0.8,5
1972-07-22,155.2942,-10.5082,4.0,0.8,5
2000-08-26,159.0194,-3.5260000000000007,6.8,0.4,5
1996-11-09,182.5326,-8.2012,9.8,0.6,5
1996-11-02,182.5326,-8.2012,9.8,0.6,5
2005-11-12,107.54479999999998,-6.297,6.4,0.8,5
2000-09-02,159.0194,-3.5260000000000007,6.8,0.4,5
1996-09-07,198.11100000000002,-8.248000000000001,8.4,0.6,5
2000-10-14,157.3448,-3.5789999999999997,6.8,0.2,5
2000-10-21,157.3448,-3.5789999999999997,6.8,0.2,5
2000-10-28,157.3448,-3.5789999999999997,6.8,0.2,5
1996-09-14,198.11100000000002,-8.248000000000001,8.4,0.6,5
1996-09-21,198.11100000000002,-8.248000000000001,8.4,0.6,5
2005-07-16,123.17760000000001,-7.7944,7.4,0.8,5
2005-07-23,123.17760000000001,-7.7944,7.4,0.8,5
2005-07-30,123.17760000000001,-7.7944,7.4,0.8,5
2009-07-11,119.2618,-6.9128,7.6,0.6,5
2009-07-04,119.2618,-6.9128,7.6,0.6,5
2009-06-27,119.2618,-6.9128,7.6,0.6,5
1959-08-03,114.10999999999999,-11.014,8.2,1.0,5
2009-05-30,119.2618,-6.9128,7.6,0.6,5
1996-09-28,198.11100000000002,-8.248000000000001,8.4,0.6,5
1996-10-05,198.11100000000002,-8.248000000000001,8.4,0.6,5
2005-09-24,107.7378,-6.8862,4.8,0.8,5
2005-10-15,111.44180000000001,-7.2604,5.2,0.8,5
2001-07-07,111.61100000000002,-5.6044,5.0,0.4,5
2001-07-14,111.61100000000002,-5.6044,5.0,0.4,5
2001-07-21,111.61100000000002,-5.6044,5.0,0.4,5
2009-02-21,132.5904,-6.5682,7.4,0.8,5
1996-10-12,198.11100000000002,-8.248000000000001,8.4,0.6,5
1996-10-19,198.11100000000002,-8.248000000000001,8.4,0.6,5
2008-12-06,123.048,-4.3314,8.8,0.6,5
2008-11-29,124.8086,-4.0200000000000005,7.6,0.6,5
2005-11-05,107.54479999999998,-6.297,6.4,0.8,5
2009-05-16,124.89259999999999,-6.399,7.0,0.8,5
1993-12-18,136.171,-13.0014,4.4,0.8,5
1996-08-31,198.11100000000002,-8.248000000000001,8.4,0.6,5
2004-01-10,149.2464,-6.0486,4.6,0.6,5
2006-07-29,131.8742,-4.7018,6.4,0.4,5
1963-06-22,114.3916,-9.2566,7.8,1.0,5
1963-01-05,109.81479999999999,-9.3046,2.8,1.0,5
2007-03-31,121.179,-5.5362,8.2,0.4,5
1963-01-12,109.81479999999999,-9.3046,2.8,1.0,5
1963-01-19,109.81479999999999,-9.3046,2.8,1.0,5
1962-12-29,109.81479999999999,-9.3046,2.8,1.0,5
1963-01-26,109.81479999999999,-9.3046,2.8,1.0,5
1963-06-08,114.3916,-9.2566,7.8,1.0,5
1963-06-01,114.3916,-9.2566,7.8,1.0,5
2003-12-20,149.2464,-6.0485999999999995,4.6,0.6,5
2006-09-23,118.227,-5.8915999999999995,6.2,0.6,5
2006-09-09,118.227,-5.8915999999999995,6.2,0.6,5
2006-09-16,118.227,-5.8915999999999995,6.2,0.6,5
2006-08-19,120.07480000000001,-5.1812,5.2,0.4,5
1972-07-29,155.2942,-10.5082,4.0,0.8,5
1963-06-15,114.3916,-9.2566,7.8,1.0,5
2006-07-15,131.8742,-4.7018,6.4,0.4,5
2004-02-07,148.84859999999998,-6.494400000000001,4.8,0.8,5
2004-01-17,149.2464,-6.0486,4.6,0.6,5
2006-06-03,124.7778,-4.704,6.4,0.4,5
2006-07-22,131.8742,-4.7018,6.4,0.4,5
1993-12-11,136.171,-13.0014,4.4,0.8,5
2005-02-05,117.7304,-5.108,5.8,0.4,5
2003-12-27,149.2464,-6.0485999999999995,4.6,0.6,5
2007-06-02,129.0666,-5.1738,6.4,0.2,5
2006-06-24,121.68979999999999,-5.1582,6.0,0.2,5
2006-07-01,121.68979999999999,-5.1582,6.0,0.2,5
2006-07-08,131.8742,-4.7018,6.4,0.4,5
2004-01-03,149.2464,-6.0485999999999995,4.6,0.6,5
2007-06-09,133.9554,-5.728,5.6,0.4,5
2001-08-25,108.73966666666666,-6.245,5.0,0.6666666666666666,6
2001-09-22,108.73966666666666,-6.245,5.0,0.6666666666666666,6
2001-09-15,108.73966666666666,-6.245,5.0,0.6666666666666666,6
2005-10-22,113.5365,-6.635166666666667,4.333333333333333,0.8333333333333334,6
2001-09-08,108.73966666666666,-6.245,5.0,0.6666666666666666,6
2004-03-27,145.56516666666667,-7.032666666666667,6.0,0.6666666666666666,6
2004-03-20,145.56516666666667,-7.032666666666667,6.0,0.6666666666666666,6
2005-02-19,127.7835,-7.089000000000001,6.666666666666667,0.5,6
2004-11-06,116.8975,-6.044333333333333,6.333333333333333,0.5,6
2001-08-04,108.68983333333334,-5.538,5.333333333333333,0.5,6
2004-02-28,143.20683333333332,-6.418666666666667,5.666666666666667,0.6666666666666666,6
2001-09-01,108.73966666666666,-6.245,5.0,0.6666666666666666,6
2001-07-28,108.68983333333334,-5.538,5.333333333333333,0.5,6
2005-08-20,119.49466666666667,-7.438666666666667,7.333333333333333,0.8333333333333334,6
2006-09-02,121.73983333333332,-5.563833333333334,6.166666666666667,0.5,6
2004-12-04,119.15933333333334,-5.811333333333334,5.833333333333333,0.3333333333333333,6
2004-11-27,119.15933333333334,-5.811333333333334,5.833333333333333,0.3333333333333333,6
2005-05-28,120.35283333333335,-8.111,6.166666666666667,0.6666666666666666,6
2005-06-04,120.35283333333335,-8.111,6.166666666666667,0.6666666666666666,6
2005-06-11,120.35283333333335,-8.111,6.166666666666667,0.6666666666666666,6
2005-06-18,126.90283333333333,-8.649333333333333,5.166666666666667,0.8333333333333334,6
2004-11-20,116.8975,-6.044333333333333,6.333333333333333,0.5,6
2004-11-13,116.8975,-6.044333333333333,6.333333333333333,0.5,6
2005-06-25,126.90283333333333,-8.649333333333333,5.166666666666667,0.8333333333333334,6
2006-08-12,125.06516666666666,-4.9065,5.5,0.5,6
2005-08-06,119.49466666666667,-7.438666666666667,7.333333333333333,0.8333333333333334,6
2005-08-13,119.49466666666667,-7.438666666666667,7.333333333333333,0.8333333333333334,6
2001-09-29,108.73966666666666,-6.245,5.0,0.6666666666666666,6
2005-08-27,119.49466666666667,-7.438666666666667,7.333333333333333,0.8333333333333334,6
2006-08-26,121.73983333333332,-5.563833333333334,6.166666666666667,0.5,6
2005-09-03,119.49466666666667,-7.438666666666666,7.333333333333333,0.8333333333333334,6
2006-08-05,125.06516666666666,-4.9065,5.5,0.5,6
2004-02-21,143.20683333333332,-6.418666666666667,5.666666666666667,0.6666666666666666,6
1993-12-25,141.6335,-12.328166666666666,4.833333333333333,0.6666666666666666,6
2005-10-29,113.5365,-6.635166666666667,4.333333333333333,0.8333333333333334,6
2004-07-03,110.9405,-6.065166666666666,6.666666666666667,0.3333333333333333,6
1994-06-11,146.3315,-6.674166666666667,4.5,0.6666666666666666,6
2004-10-23,116.8975,-6.044333333333333,6.333333333333333,0.5,6
2005-04-02,124.53733333333334,-8.952666666666667,3.3333333333333335,0.6666666666666666,6
2005-04-09,124.53733333333334,-8.952666666666667,3.3333333333333335,0.6666666666666666,6
1993-10-23,129.73316666666668,-12.393833333333333,4.333333333333333,0.8333333333333334,6
1993-10-30,129.73316666666668,-12.393833333333333,4.333333333333333,0.8333333333333334,6
1993-11-06,129.73316666666668,-12.393833333333333,4.333333333333333,0.8333333333333334,6
1961-01-30,89.01183333333334,-12.262333333333332,4.833333333333333,1.0,6
2004-06-26,110.9405,-6.065166666666666,6.666666666666667,0.3333333333333333,6
1961-01-23,89.01183333333334,-12.262333333333332,4.833333333333333,1.0,6
2004-08-28,104.01533333333333,-6.185833333333334,5.5,0.3333333333333333,6
2004-08-21,104.01533333333333,-6.185833333333334,5.5,0.3333333333333333,6
2005-04-16,124.53733333333334,-8.952666666666667,3.3333333333333335,0.6666666666666666,6
1993-11-20,129.73316666666668,-12.393833333333333,4.333333333333333,0.8333333333333334,6
1993-11-27,129.73316666666668,-12.393833333333333,4.333333333333333,0.8333333333333334,6
1993-12-04,129.73316666666668,-12.393833333333333,4.333333333333333,0.8333333333333334,6
1994-01-15,141.6335,-12.328166666666666,4.833333333333333,0.6666666666666666,6
1994-01-08,141.6335,-12.328166666666666,4.833333333333333,0.6666666666666666,6
1994-01-01,141.6335,-12.328166666666666,4.833333333333333,0.6666666666666666,6
1993-11-13,129.73316666666668,-12.393833333333333,4.333333333333333,0.8333333333333334,6
2005-03-26,124.53733333333334,-8.952666666666667,3.3333333333333335,0.6666666666666666,6
1994-07-09,144.56133333333335,-6.135166666666667,5.666666666666667,0.6666666666666666,6
1994-08-13,144.56133333333335,-6.135166666666667,5.666666666666667,0.6666666666666666,6
2004-10-30,116.8975,-6.044333333333333,6.333333333333333,0.5,6
1996-10-26,179.73766666666666,-7.964666666666667,8.166666666666666,0.6666666666666666,6
2005-05-14,132.22866666666667,-8.742333333333333,5.166666666666667,0.6666666666666666,6
1994-09-10,144.56133333333335,-6.135166666666667,5.666666666666667,0.6666666666666666,6
1994-09-03,144.56133333333335,-6.135166666666667,5.666666666666667,0.6666666666666666,6
1994-08-27,144.56133333333335,-6.135166666666667,5.666666666666667,0.6666666666666666,6
1994-08-20,144.56133333333335,-6.135166666666667,5.666666666666667,0.6666666666666666,6
2004-02-14,143.20683333333332,-6.418666666666667,5.666666666666667,0.6666666666666666,6
1994-08-06,144.56133333333335,-6.135166666666667,5.666666666666667,0.6666666666666666,6
2004-10-16,116.8975,-6.044333333333333,6.333333333333333,0.5,6
1994-07-30,144.56133333333335,-6.135166666666667,5.666666666666667,0.6666666666666666,6
1994-07-23,144.56133333333335,-6.135166666666667,5.666666666666667,0.6666666666666666,6
1994-07-16,144.56133333333335,-6.135166666666667,5.666666666666667,0.6666666666666666,6
2008-07-05,130.04133333333334,-4.833833333333334,6.333333333333333,0.6666666666666666,6
2005-05-07,132.22866666666667,-8.742333333333333,5.166666666666667,0.6666666666666666,6
2005-04-30,124.53733333333334,-8.952666666666667,3.3333333333333335,0.6666666666666666,6
2005-04-23,124.53733333333334,-8.952666666666667,3.3333333333333335,0.6666666666666666,6
2008-06-07,130.23083333333332,-4.629333333333333,6.333333333333333,0.5,6
2005-02-26,123.25728571428571,-7.464857142857143,4.285714285714286,0.7142857142857143,7
2005-03-12,122.02728571428572,-8.406,4.428571428571429,0.7142857142857143,7
2005-03-05,123.25728571428571,-7.464857142857143,4.285714285714286,0.7142857142857143,7
2005-02-12,128.96357142857144,-6.602428571428571,5.714285714285714,0.5714285714285714,7
2005-03-19,122.02728571428572,-8.406,4.428571428571429,0.7142857142857143,7
2004-05-15,130.09942857142858,-6.974285714285714,6.0,0.5714285714285714,7
2005-07-02,122.67742857142858,-8.461,5.571428571428571,0.8571428571428571,7
2004-05-08,130.09942857142858,-6.974285714285714,6.0,0.5714285714285714,7
2004-05-01,130.09942857142858,-6.974285714285714,6.0,0.5714285714285714,7
2004-04-24,130.09942857142858,-6.974285714285714,6.0,0.5714285714285714,7
2004-04-10,139.04285714285714,-6.917142857142857,6.142857142857143,0.7142857142857143,7
2004-04-03,139.04285714285714,-6.917142857142857,6.142857142857143,0.7142857142857143,7
2004-03-13,139.64485714285715,-6.703714285714286,5.857142857142857,0.7142857142857143,7
2004-03-06,139.64485714285715,-6.703714285714286,5.857142857142857,0.7142857142857143,7
2004-06-05,116.22442857142858,-6.196714285714285,6.0,0.42857142857142855,7
2004-06-12,116.22442857142858,-6.196714285714285,6.0,0.42857142857142855,7
2004-06-19,116.22442857142858,-6.196714285714285,6.0,0.42857142857142855,7
2004-07-10,109.36528571428572,-6.2777142857142865,7.142857142857143,0.42857142857142855,7
2004-07-17,109.36528571428572,-6.2777142857142865,7.142857142857143,0.42857142857142855,7
2004-07-24,109.68442857142858,-6.2090000000000005,6.142857142857143,0.2857142857142857,7
2005-05-21,124.986,-8.293000000000001,5.428571428571429,0.7142857142857143,7
2004-08-07,109.68442857142858,-6.2090000000000005,6.142857142857143,0.2857142857142857,7
2004-07-31,109.68442857142858,-6.2090000000000005,6.142857142857143,0.2857142857142857,7
2008-06-14,129.76285714285714,-4.781142857142858,7.0,0.5714285714285714,7
2005-07-09,122.67742857142856,-8.461,5.571428571428571,0.8571428571428571,7
2001-08-11,108.17628571428573,-5.611428571428571,5.142857142857143,0.5714285714285714,7
2001-08-18,108.17628571428573,-5.611428571428571,5.142857142857143,0.5714285714285714,7
1994-10-22,135.16642857142855,-6.0327142857142855,6.857142857142857,0.5714285714285714,7
2004-08-14,109.68442857142858,-6.2090000000000005,6.142857142857143,0.2857142857142857,7
2008-06-28,129.76285714285714,-4.781142857142858,7.0,0.5714285714285714,7
2008-06-21,129.76285714285714,-4.781142857142858,7.0,0.5714285714285714,7
2004-05-29,124.503375,-6.56975,5.25,0.5,8
1994-10-01,133.506125,-6.2615,6.25,0.625,8
1994-09-24,133.506125,-6.2615,6.25,0.625,8
1994-09-17,133.506125,-6.2615,6.25,0.625,8
2004-05-22,124.503375,-6.56975,5.25,0.5,8
2004-04-17,134.591625,-6.755875,6.125,0.625,8
2005-09-17,120.714,-6.952875,5.625,0.75,8
2005-09-10,120.714,-6.952875,5.625,0.75,8
1994-10-08,133.506125,-6.2615,6.25,0.625,8
1994-10-15,133.506125,-6.2615,6.25,0.625,8
